1403636589863555328,-0.08859,0.33935,0.00348,-0.04741,0.90921,0.03666,0.41200,
1403636589963555584,-0.09747,0.37170,-0.00121,-0.05470,0.91083,0.04251,0.40694,
1403636590063555584,-0.10436,0.39748,-0.00324,-0.06139,0.90913,0.04749,0.40922,
1403636590163555328,-0.10909,0.41444,-0.00220,-0.06696,0.90588,0.05102,0.41508,
1403636590463555584,-0.11211,0.38749,0.00512,-0.05928,0.90614,0.05039,0.41575,
1403636590563555584,-0.11027,0.35648,0.00921,-0.05348,0.90533,0.04783,0.41860,
1403636590663555328,-0.10651,0.31893,0.01248,-0.04913,0.90464,0.04455,0.42099,
1403636590763555584,-0.10061,0.27720,0.01313,-0.04560,0.90574,0.03984,0.41949,
1403636590863555328,-0.09251,0.23289,0.01065,-0.04616,0.90841,0.03547,0.41400,
1403636590963555584,-0.08310,0.18556,0.00776,-0.04467,0.91024,0.03260,0.41038,
1403636591063555584,-0.07265,0.13969,0.00481,-0.04592,0.90989,0.03200,0.41105,
1403636591163555328,-0.06149,0.09639,0.00233,-0.04831,0.90968,0.03041,0.41137,
1403636591263555584,-0.05113,0.05700,-0.00119,-0.04819,0.91063,0.02797,0.40944,
1403636591363555328,-0.04199,0.02437,-0.00708,-0.04569,0.91202,0.02446,0.40686,
1403636591463555584,-0.03440,0.00119,-0.01514,-0.04457,0.91246,0.02032,0.40623,
1403636591563555584,-0.02523,-0.01707,-0.02370,-0.03828,0.91083,0.01488,0.41074,
1403636591663555328,-0.01522,-0.02948,-0.03084,-0.02780,0.90462,0.00469,0.42528,
1403636591763555584,-0.00677,-0.03595,-0.03432,-0.01865,0.89552,-0.00082,0.44463,
1403636591863555328,0.00092,-0.04080,-0.03388,-0.01085,0.88658,-0.00764,0.46239,
1403636591963555584,0.00898,-0.04550,-0.03354,-0.00684,0.88375,-0.01679,0.46761,
1403636592063555584,0.02202,-0.05446,-0.03467,-0.00313,0.88690,-0.02809,0.46110,
1403636592163555328,0.04101,-0.06606,-0.03688,0.00091,0.89018,-0.03980,0.45387,
1403636592263555584,0.06354,-0.07656,-0.03900,0.00357,0.89428,-0.04579,0.44515,
1403636592363555328,0.09063,-0.08113,-0.04033,0.00046,0.89767,-0.04720,0.43814,
1403636592463555584,0.12152,-0.07656,-0.04047,-0.00709,0.89929,-0.04156,0.43532,
1403636592563555584,0.15389,-0.06198,-0.03911,-0.01615,0.89649,-0.02863,0.44184,
1403636592663555328,0.18436,-0.03825,-0.03896,-0.02470,0.89259,-0.01080,0.45006,
1403636592763555584,0.20981,-0.00527,-0.03986,-0.03632,0.89093,0.00887,0.45261,
1403636592863555328,0.22522,0.03901,-0.04169,-0.05536,0.89097,0.03031,0.44965,
1403636592963555584,0.22714,0.09190,-0.04471,-0.07448,0.89194,0.05264,0.44287,
1403636593063555584,0.21254,0.15038,-0.04639,-0.09298,0.89206,0.07551,0.43576,
1403636593163555328,0.18283,0.20893,-0.04563,-0.10981,0.89049,0.09682,0.43082,
1403636593263555584,0.14162,0.26318,-0.04291,-0.12916,0.88834,0.10898,0.42696,
1403636593363555328,0.09366,0.30375,-0.04072,-0.13833,0.88854,0.11728,0.42143,
1403636593463555584,0.04183,0.32547,-0.04086,-0.13850,0.88969,0.12053,0.41803,
1403636593563555584,-0.00874,0.32846,-0.04436,-0.13379,0.89250,0.11424,0.41533,
1403636593663555328,-0.05498,0.31488,-0.05065,-0.12834,0.89792,0.09948,0.40911,
1403636593763555584,-0.09519,0.28491,-0.05683,-0.11606,0.90434,0.07678,0.40348,
1403636593863555328,-0.12793,0.24169,-0.06128,-0.09719,0.90735,0.04515,0.40649,
1403636593963555584,-0.15142,0.19027,-0.06206,-0.07412,0.90569,0.01006,0.41729,
1403636594063555584,-0.16363,0.13383,-0.06013,-0.04858,0.90265,-0.02310,0.42700,
1403636594163555328,-0.16147,0.07725,-0.05932,-0.02730,0.90125,-0.05302,0.42919,
1403636594263555584,-0.14308,0.02127,-0.06087,-0.00934,0.90118,-0.07335,0.42710,
1403636594363555328,-0.10922,-0.03211,-0.06258,0.00583,0.90067,-0.08330,0.42640,
1403636594463555584,-0.06178,-0.08045,-0.06399,0.01725,0.89759,-0.08483,0.43225,
1403636594563555584,-0.00690,-0.11696,-0.06558,0.02035,0.89257,-0.08365,0.44261,
1403636594663555328,0.04550,-0.13288,-0.06657,0.01689,0.88886,-0.08347,0.45020,
1403636594763555584,0.09114,-0.12360,-0.06843,0.01011,0.88742,-0.07572,0.45460,
1403636594863555328,0.12805,-0.08772,-0.07248,-0.00239,0.88667,-0.05642,0.45894,
1403636594963555584,0.15192,-0.02787,-0.07589,-0.01788,0.88568,-0.02672,0.46318,
1403636595063555584,0.15911,0.04842,-0.07883,-0.04200,0.88491,0.00875,0.46379,
1403636595163555328,0.15164,0.12805,-0.08175,-0.06648,0.88533,0.04212,0.45825,
1403636595263555584,0.13087,0.19901,-0.08348,-0.09091,0.88506,0.06975,0.45116,
1403636595363555328,0.10088,0.25082,-0.08441,-0.10755,0.88429,0.09153,0.44507,
1403636595463555584,0.06739,0.27647,-0.08458,-0.11585,0.88390,0.10217,0.44144,
1403636595563555584,0.03495,0.27415,-0.08549,-0.11823,0.88529,0.10614,0.43705,
1403636595663555328,0.00434,0.24481,-0.08764,-0.11371,0.88781,0.10435,0.43355,
1403636595763555584,-0.02210,0.19567,-0.09172,-0.09980,0.89065,0.09364,0.43360,
1403636595863555328,-0.04428,0.13526,-0.09722,-0.07693,0.89330,0.07408,0.43659,
1403636595963555584,-0.06618,0.07473,-0.10270,-0.05582,0.89628,0.04902,0.43722,
1403636596063555584,-0.09293,0.02493,-0.10630,-0.03561,0.89979,0.02431,0.43418,
1403636596163555328,-0.12411,-0.00197,-0.10805,-0.02318,0.90182,0.00375,0.43148,
1403636596263555584,-0.15958,-0.00122,-0.10342,-0.02082,0.90133,-0.00732,0.43257,
1403636596363555328,-0.20005,0.02147,-0.09206,-0.02146,0.89956,-0.01219,0.43610,
1403636596463555584,-0.24466,0.05408,-0.07775,-0.02030,0.89703,-0.00948,0.44141,
1403636596563555584,-0.28436,0.08692,-0.06555,-0.01970,0.89476,-0.00257,0.44611,
1403636596663555328,-0.31320,0.11436,-0.05786,-0.01881,0.89526,-0.00009,0.44515,
1403636596763555584,-0.32494,0.13138,-0.05545,-0.01872,0.89581,0.00405,0.44402,
1403636596863555328,-0.31312,0.13626,-0.05690,-0.01608,0.89332,0.00848,0.44905,
1403636596963555584,-0.27850,0.13287,-0.05999,-0.01146,0.89193,0.01196,0.45187,
1403636597063555584,-0.22588,0.12466,-0.06476,-0.00934,0.89544,0.01279,0.44490,
1403636597163555328,-0.16198,0.11550,-0.06932,-0.01424,0.90022,0.01845,0.43481,
1403636597263555584,-0.09128,0.10716,-0.06816,-0.02199,0.90145,0.03030,0.43126,
1403636597363555328,-0.01938,0.10393,-0.06441,-0.03070,0.89913,0.04460,0.43433,
1403636597463555584,0.04769,0.10707,-0.06172,-0.03856,0.89615,0.06145,0.43778,
1403636597563555584,0.09994,0.11856,-0.06139,-0.05098,0.89216,0.07996,0.44166,
1403636597663555328,0.12858,0.13868,-0.06332,-0.07018,0.88620,0.09572,0.44783,
1403636597763555584,0.13129,0.16318,-0.06568,-0.08588,0.87993,0.10965,0.45423,
1403636597863555328,0.11137,0.18437,-0.06711,-0.09309,0.87493,0.12107,0.45953,
1403636597963555584,0.07612,0.19722,-0.06883,-0.09427,0.87292,0.13195,0.46012,
1403636598063555584,0.03219,0.20210,-0.07211,-0.09320,0.87523,0.13702,0.45444,
1403636598163555328,-0.01323,0.19969,-0.07860,-0.09129,0.88185,0.13673,0.44195,
1403636598263555584,-0.05119,0.19079,-0.08957,-0.08396,0.89081,0.13670,0.42511,
1403636598363555328,-0.07284,0.17885,-0.10294,-0.07532,0.89661,0.13541,0.41483,
1403636598463555584,-0.07377,0.16687,-0.11796,-0.06821,0.89804,0.13365,0.41352,
1403636598563555584,-0.05500,0.15777,-0.13194,-0.06996,0.89443,0.13485,0.42061,
1403636598663555328,-0.02256,0.15192,-0.14511,-0.07826,0.88688,0.13835,0.43381,
1403636598763555584,0.01395,0.14891,-0.16166,-0.09105,0.87615,0.14394,0.45094,
1403636598863555328,0.04810,0.14683,-0.18285,-0.10248,0.86410,0.14603,0.47064,
1403636598963555584,0.07802,0.14409,-0.20675,-0.10637,0.85434,0.14481,0.48767,
1403636599063555584,0.10099,0.14279,-0.22873,-0.11143,0.84572,0.14448,0.50147,
1403636599163555328,0.11803,0.14271,-0.24363,-0.12388,0.83335,0.14367,0.51917,
1403636599263555584,0.13305,0.14356,-0.25283,-0.12947,0.81603,0.13972,0.54572,
1403636599363555328,0.14531,0.14456,-0.26134,-0.13286,0.80346,0.13425,0.56460,
1403636599463555584,0.14941,0.14161,-0.26896,-0.12677,0.79943,0.13235,0.57213,
1403636599563555584,0.15554,0.14159,-0.27803,-0.12173,0.80333,0.12524,0.56934,
1403636599663555328,0.15812,0.14054,-0.28669,-0.11823,0.80746,0.12249,0.56483,
1403636599863555328,0.15784,0.13672,-0.28989,-0.12258,0.79300,0.11948,0.58468,
1403636612263555584,0.15575,0.13153,-0.29217,-0.12909,0.79091,0.11259,0.58747,
1403636624363555328,0.15380,0.12889,-0.29176,-0.12549,0.79672,0.10918,0.58101,
1403636624463555584,0.15027,0.12333,-0.29173,-0.12280,0.80203,0.10817,0.57443,
1403636624563555584,0.14558,0.11525,-0.29122,-0.11776,0.80695,0.10602,0.56897,
1403636624663555328,0.14066,0.10469,-0.29025,-0.11342,0.80622,0.10743,0.57062,
1403636624763555584,0.13463,0.09080,-0.29086,-0.10817,0.80421,0.11174,0.57364,
1403636624863555328,0.12533,0.07324,-0.28855,-0.09644,0.80742,0.12134,0.56925,
1403636624963555584,0.11326,0.05458,-0.27841,-0.08225,0.81379,0.13230,0.55989,
1403636625063555584,0.10076,0.03881,-0.25980,-0.07485,0.81993,0.13866,0.55036,
1403636625163555328,0.09074,0.02912,-0.23464,-0.07791,0.82451,0.13727,0.54338,
1403636625263555584,0.08436,0.02353,-0.20515,-0.08554,0.82179,0.13321,0.54736,
1403636625363555328,0.08172,0.02161,-0.18735,-0.09091,0.81833,0.13142,0.55208,
1403636625563555584,0.08360,0.02137,-0.19614,-0.09173,0.82219,0.13392,0.54557,
1403636625763555584,0.10117,0.03223,-0.17658,-0.09351,0.81655,0.13585,0.55322,
1403636625863555328,0.11325,0.04073,-0.14160,-0.09719,0.81028,0.13458,0.56203,
1403636625963555584,0.12697,0.05004,-0.09419,-0.10038,0.80661,0.13323,0.56705,
1403636626063555584,0.13991,0.05993,-0.04512,-0.10552,0.80480,0.13040,0.56936,
1403636626163555328,0.15115,0.06910,-0.00030,-0.11417,0.80459,0.12458,0.56928,
1403636626263555584,0.15292,0.07290,0.04353,-0.12025,0.80457,0.12063,0.56891,
1403636626463555584,0.17995,0.07205,0.06978,-0.11766,0.80324,0.12332,0.57075,
1403636626563555584,0.18906,0.06603,0.07534,-0.11297,0.79851,0.12802,0.57726,
1403636626863555328,0.19406,0.03757,0.06444,-0.10860,0.79900,0.13759,0.57521,
1403636626963555584,0.18940,0.02537,0.05365,-0.10700,0.80399,0.13967,0.56802,
1403636627063555584,0.18465,0.01285,0.04074,-0.10540,0.80866,0.14092,0.56134,
1403636627363555328,0.17258,-0.01774,0.05904,-0.10844,0.80420,0.14016,0.56733,
1403636627563555584,0.16372,-0.04040,0.10739,-0.10868,0.80578,0.13243,0.56689,
1403636627663555328,0.15722,-0.05384,0.11348,-0.10378,0.80947,0.12639,0.56392,
1403636627763555584,0.15361,-0.07200,0.10772,-0.09589,0.81684,0.11957,0.55612,
1403636627863555328,0.15159,-0.08909,0.09639,-0.08597,0.82436,0.11105,0.54837,
1403636627963555584,0.15322,-0.10449,0.08853,-0.07710,0.82953,0.10459,0.54314,
1403636628063555584,0.16206,-0.11699,0.09038,-0.07155,0.82957,0.09901,0.54487,
1403636628163555328,0.17645,-0.12785,0.10588,-0.07133,0.82159,0.09263,0.55796,
1403636628263555584,0.19294,-0.13692,0.12693,-0.07530,0.81394,0.08559,0.56965,
1403636628363555328,0.20933,-0.14773,0.15181,-0.08070,0.81099,0.07991,0.57393,
1403636628663555328,0.24548,-0.18841,0.19959,-0.08763,0.81203,0.07684,0.57186,
1403636628863555328,0.27220,-0.23971,0.20314,-0.07077,0.81852,0.07637,0.56497,
1403636628963555584,0.28358,-0.26244,0.20243,-0.06352,0.82345,0.07384,0.55897,
1403636629063555584,0.30317,-0.29722,0.21637,-0.06010,0.82645,0.07065,0.55532,
1403636629163555328,0.31273,-0.32314,0.23255,-0.05562,0.82747,0.06601,0.55484,
1403636629263555584,0.33741,-0.35180,0.25428,-0.05130,0.82676,0.05793,0.55721,
1403636629363555328,0.35621,-0.37694,0.24310,-0.05048,0.82490,0.04910,0.56087,
1403636629463555584,0.38483,-0.40636,0.24586,-0.05293,0.82192,0.03776,0.56588,
1403636629563555584,0.41086,-0.43534,0.23713,-0.05035,0.82188,0.02386,0.56693,
1403636629663555328,0.43733,-0.46859,0.22247,-0.03823,0.82715,0.01086,0.56058,
1403636629763555584,0.46510,-0.50284,0.19948,-0.02295,0.83282,-0.00356,0.55305,
1403636629863555328,0.49754,-0.53804,0.17411,-0.00769,0.83601,-0.02103,0.54825,
1403636629963555584,0.53370,-0.57280,0.14999,0.00508,0.83699,-0.03638,0.54599,
1403636630063555584,0.57139,-0.60679,0.13503,0.01313,0.83562,-0.04709,0.54713,
1403636630163555328,0.61285,-0.64281,0.12981,0.01881,0.82869,-0.05455,0.55673,
1403636630263555584,0.65803,-0.67944,0.13095,0.02288,0.82100,-0.05938,0.56737,
1403636630463555584,0.74665,-0.75030,0.14714,0.02715,0.82127,-0.06093,0.56662,
1403636630763555584,0.87589,-0.85472,0.19206,0.03200,0.82416,-0.05125,0.56313,
1403636631063555584,0.99896,-0.95754,0.19740,0.02350,0.82292,-0.05294,0.56519,
1403636631263555584,1.09334,-1.02038,0.17438,0.02415,0.81878,-0.05246,0.57119,
1403636631663555328,1.27053,-1.13347,0.13611,0.02761,0.81920,-0.04625,0.57097,
1403636632063555584,1.43495,-1.22646,0.12077,0.03248,0.81932,-0.04321,0.57078,
1403636632263555584,1.51123,-1.26830,0.13053,0.03848,0.81714,-0.04198,0.57362,
1403636632563555584,1.63986,-1.30321,0.08647,0.02499,0.82410,-0.04942,0.56373,
1403636632663555328,1.67587,-1.32369,0.07579,0.01143,0.82924,-0.04666,0.55682,
1403636632763555584,1.72443,-1.33007,0.05514,-0.00243,0.83147,-0.03508,0.55445,
1403636632863555328,1.78153,-1.33781,0.04438,-0.01143,0.82960,-0.01255,0.55809,
1403636632963555584,1.82684,-1.35629,0.04172,-0.01723,0.82528,0.01200,0.56433,
1403636633063555584,1.87421,-1.37563,0.05211,-0.02207,0.82280,0.03080,0.56706,
1403636633163555328,1.93554,-1.38357,0.03817,-0.02761,0.82158,0.04327,0.56778,
1403636633363555328,2.03541,-1.40024,0.02658,-0.03948,0.82349,0.05099,0.56365,
1403636633563555584,2.14391,-1.41861,-0.00705,-0.04517,0.82778,0.04726,0.55723,
1403636633763555584,2.26202,-1.43673,-0.03394,-0.04272,0.82952,0.04224,0.55524,
1403636633963555584,2.39331,-1.45786,-0.03593,-0.04800,0.82772,0.03109,0.55822,
1403636634163555328,2.53195,-1.48638,-0.03757,-0.05031,0.82768,0.02638,0.55831,
1403636634363555328,2.68516,-1.52635,-0.01928,-0.04116,0.82373,0.03707,0.56427,
1403636634463555584,2.76418,-1.54856,-0.01190,-0.03850,0.81927,0.04139,0.57061,
1403636634563555584,2.84359,-1.56970,-0.01159,-0.03833,0.81580,0.04441,0.57535,
1403636634763555584,2.99017,-1.60634,-0.02440,-0.04240,0.81459,0.05884,0.57548,
1403636634963555584,3.12983,-1.63716,-0.02379,-0.05037,0.81843,0.07032,0.56805,
1403636635163555328,3.26394,-1.66065,-0.01204,-0.05360,0.82008,0.07940,0.56418,
1403636635363555328,3.40095,-1.67938,-0.02303,-0.06312,0.82341,0.07810,0.55849,
1403636635563555584,3.54387,-1.69807,-0.02475,-0.06944,0.82438,0.07439,0.55682,
1403636635763555584,3.69101,-1.72221,-0.00479,-0.07233,0.82104,0.06977,0.56195,
1403636635863555328,3.77075,-1.73726,0.01603,-0.07841,0.81754,0.06379,0.56693,
1403636636063555584,3.92928,-1.77935,0.06757,-0.07453,0.82557,0.06429,0.55565,
1403636636163555328,4.01081,-1.80488,0.09211,-0.06681,0.82584,0.06961,0.55559,
1403636636263555584,4.09420,-1.83131,0.12297,-0.06097,0.81917,0.07393,0.56549,
1403636636363555328,4.17508,-1.85741,0.15890,-0.05895,0.81189,0.07537,0.57592,
1403636636463555584,4.25473,-1.88370,0.19222,-0.05897,0.80260,0.07602,0.58870,
1403636636563555584,4.32742,-1.91024,0.21649,-0.05364,0.79986,0.07974,0.59244,
1403636636763555584,4.46123,-1.95363,0.24409,-0.03915,0.79931,0.08980,0.59288,
1403636637063555584,4.62244,-1.98194,0.23251,-0.05098,0.80641,0.08541,0.58293,
1403636637263555584,4.71519,-1.98419,0.20753,-0.05941,0.81474,0.08156,0.57098,
1403636637563555584,4.84488,-1.97123,0.20234,-0.06123,0.81972,0.08415,0.56323,
1403636637863555328,4.98636,-1.95525,0.25911,-0.06446,0.81664,0.08581,0.56708,
1403636637963555584,5.03869,-1.94594,0.28637,-0.06547,0.81388,0.08602,0.57089,
1403636638163555328,5.13273,-1.93010,0.29791,-0.06781,0.80965,0.08610,0.57659,
1403636638363555328,5.21814,-1.91643,0.27294,-0.07300,0.81372,0.08370,0.57055,
1403636638463555584,5.26182,-1.91173,0.25089,-0.07987,0.82551,0.07925,0.55305,
1403636638563555584,5.30666,-1.91110,0.23149,-0.08379,0.83315,0.07623,0.54132,
1403636638763555584,5.41377,-1.91573,0.22164,-0.07247,0.82869,0.08498,0.54845,
1403636638863555328,5.47865,-1.91868,0.22992,-0.07214,0.82325,0.08549,0.55655,
1403636638963555584,5.54477,-1.92080,0.24124,-0.07615,0.82016,0.08291,0.56095,
1403636639063555584,5.61225,-1.92529,0.25505,-0.08567,0.81993,0.07621,0.56087,
1403636639263555584,5.75484,-1.94255,0.25263,-0.09702,0.82112,0.06791,0.55834,
1403636639363555328,5.83087,-1.95802,0.23291,-0.08780,0.82104,0.07437,0.55916,
1403636639463555584,5.90780,-1.97754,0.20880,-0.07704,0.82080,0.08229,0.55999,
1403636639563555584,5.98541,-1.99876,0.18200,-0.06548,0.81820,0.09078,0.56393,
1403636639663555328,6.06406,-2.01856,0.15350,-0.06007,0.81483,0.09553,0.56862,
1403636639763555584,6.13998,-2.03586,0.13011,-0.06466,0.81046,0.09286,0.57476,
1403636639963555584,6.28046,-2.06767,0.10510,-0.07192,0.80827,0.08854,0.57765,
1403636640163555328,6.41459,-2.09729,0.10834,-0.07580,0.80619,0.10018,0.57816,
1403636640363555328,6.53867,-2.12681,0.13046,-0.08335,0.80556,0.11342,0.57556,
1403636640663555328,6.69971,-2.16824,0.12347,-0.08824,0.80462,0.12293,0.57419,
1403636641163555328,6.92226,-2.22121,0.09658,-0.08783,0.80649,0.12542,0.57108,
1403636641563555584,7.07294,-2.25234,0.03995,-0.09466,0.80677,0.11677,0.57143,
1403636641863555328,7.16484,-2.28639,0.03173,-0.08803,0.80555,0.11910,0.57372,
1403636642063555584,7.22186,-2.30872,0.05907,-0.08164,0.80559,0.10755,0.57688,
1403636642163555328,7.24772,-2.32161,0.07303,-0.07596,0.80557,0.10120,0.57883,
1403636642363555328,7.29189,-2.34723,0.08208,-0.06864,0.80587,0.08726,0.58159,
1403636642463555584,7.30943,-2.36221,0.07807,-0.06448,0.80615,0.07968,0.58277,
1403636642663555328,7.33820,-2.38784,0.05448,-0.05851,0.81463,0.07120,0.57261,
1403636642763555584,7.35144,-2.40036,0.03842,-0.05683,0.81924,0.06938,0.56640,
1403636643263555584,7.44293,-2.45253,0.03469,-0.06069,0.81485,0.06551,0.57275,
1403636643563555584,7.50852,-2.49328,0.02968,-0.06160,0.82353,0.06769,0.55984,
1403636643863555328,7.60649,-2.53852,0.07881,-0.05882,0.83262,0.07385,0.54574,
1403636644263555584,7.80180,-2.58695,0.09633,-0.06416,0.82857,0.07012,0.55175,
1403636644363555328,7.86195,-2.59525,0.08870,-0.07522,0.82001,0.06120,0.56407,
1403636644463555584,7.92491,-2.60718,0.07451,-0.08116,0.81391,0.05636,0.57253,
1403636644663555328,8.04784,-2.64958,0.02395,-0.08666,0.80826,0.05228,0.58007,
1403636644763555584,8.10728,-2.67807,-0.01035,-0.07252,0.80783,0.06211,0.58163,
1403636644863555328,8.16312,-2.71017,-0.05086,-0.05896,0.80839,0.07041,0.58144,
1403636644963555584,8.21359,-2.74296,-0.09099,-0.05588,0.81170,0.07114,0.57702,
1403636645063555584,8.26404,-2.77514,-0.12486,-0.05518,0.82271,0.07015,0.56142,
1403636645163555328,8.31640,-2.80848,-0.15206,-0.05355,0.83497,0.07014,0.54317,
1403636645263555584,8.37637,-2.83973,-0.17138,-0.05289,0.84251,0.06939,0.53157,
1403636645463555584,8.51885,-2.89462,-0.18872,-0.05232,0.83486,0.06817,0.54371,
1403636645663555328,8.68502,-2.94310,-0.22060,-0.05063,0.83031,0.06817,0.55080,
1403636645863555328,8.87250,-2.98600,-0.24373,-0.05231,0.82932,0.06670,0.55230,
1403636646063555584,9.07175,-3.02640,-0.22168,-0.05456,0.82358,0.05311,0.56207,
1403636646163555328,9.17325,-3.04887,-0.20487,-0.04941,0.82082,0.03568,0.56792,
1403636646263555584,9.27690,-3.07396,-0.19156,-0.04127,0.81800,0.01234,0.57360,
1403636646363555328,9.37610,-3.10292,-0.18242,-0.03005,0.81350,-0.01439,0.58061,
1403636646463555584,9.46861,-3.13649,-0.17824,-0.01061,0.80834,-0.03502,0.58758,
1403636646563555584,9.55866,-3.17263,-0.17107,0.00831,0.80346,-0.04784,0.59338,
1403636646663555328,9.64379,-3.21133,-0.16271,0.02158,0.80424,-0.05679,0.59119,
1403636646763555584,9.72262,-3.25103,-0.14518,0.02891,0.80545,-0.06431,0.58845,
1403636646863555328,9.79668,-3.29112,-0.11892,0.03397,0.80486,-0.06895,0.58846,
1403636647063555584,9.92739,-3.36859,-0.06973,0.03720,0.80831,-0.07216,0.58313,
1403636647363555328,10.10083,-3.48407,-0.03296,0.03388,0.81197,-0.07196,0.57825,
1403636647563555584,10.20756,-3.56322,-0.02923,0.02650,0.80531,-0.07170,0.58791,
1403636647763555584,10.29893,-3.65028,-0.01664,0.02764,0.80350,-0.07416,0.59002,
1403636647863555328,10.33842,-3.69678,-0.00874,0.03321,0.80514,-0.07632,0.58722,
1403636647963555584,10.37250,-3.74501,-0.00693,0.04088,0.80446,-0.08454,0.58654,
1403636648063555584,10.40176,-3.79598,-0.01372,0.05260,0.80356,-0.09905,0.58456,
1403636648163555328,10.42684,-3.84816,-0.02762,0.06689,0.80125,-0.11910,0.58253,
1403636648263555584,10.44870,-3.90184,-0.04520,0.08219,0.79757,-0.14067,0.58080,
1403636648363555328,10.46544,-3.95606,-0.06650,0.09833,0.79315,-0.16320,0.57846,
1403636648463555584,10.47874,-4.00844,-0.09123,0.11500,0.78871,-0.18647,0.57440,
1403636648563555584,10.49075,-4.06047,-0.11586,0.12946,0.78360,-0.20814,0.57087,
1403636648663555328,10.49698,-4.11138,-0.13543,0.14123,0.78052,-0.22333,0.56654,
1403636648763555584,10.50374,-4.16149,-0.14891,0.14949,0.78147,-0.23317,0.55910,
1403636648863555328,10.51027,-4.21096,-0.15517,0.15097,0.78790,-0.24101,0.54620,
1403636648963555584,10.51934,-4.26028,-0.15122,0.15229,0.79365,-0.24434,0.53593,
1403636649163555328,10.54138,-4.36330,-0.11464,0.15891,0.78408,-0.24104,0.54942,
1403636649263555584,10.55309,-4.41482,-0.08609,0.16245,0.77762,-0.23711,0.55919,
1403636649563555584,10.57658,-4.55408,0.03032,0.15685,0.78135,-0.22976,0.55866,
1403636649663555328,10.58115,-4.59671,0.08150,0.15542,0.77672,-0.23190,0.56460,
1403636649763555584,10.58399,-4.63997,0.12672,0.15931,0.77269,-0.23838,0.56634,
1403636649863555328,10.58298,-4.68048,0.16396,0.16571,0.76982,-0.24322,0.56636,
1403636649963555584,10.57995,-4.71962,0.19201,0.17125,0.76794,-0.24693,0.56566,
1403636650163555328,10.56152,-4.79193,0.21822,0.18123,0.76303,-0.25896,0.56381,
1403636650263555584,10.54272,-4.82706,0.22122,0.19255,0.75871,-0.27355,0.55898,
1403636650363555328,10.52191,-4.86093,0.21863,0.20499,0.75273,-0.29415,0.55213,
1403636650463555584,10.49854,-4.89181,0.21136,0.21943,0.74721,-0.31593,0.54196,
1403636650563555584,10.47144,-4.91878,0.19992,0.23072,0.74265,-0.33681,0.53086,
1403636650663555328,10.44498,-4.94503,0.18557,0.23890,0.73876,-0.35146,0.52310,
1403636650763555584,10.41913,-4.96991,0.17121,0.24569,0.73528,-0.36147,0.51801,
1403636650863555328,10.39481,-4.99495,0.16537,0.25147,0.73088,-0.36663,0.51784,
1403636650963555584,10.37063,-5.01874,0.16777,0.25696,0.72519,-0.36753,0.52249,
1403636651163555328,10.31922,-5.05863,0.18749,0.26071,0.72165,-0.36602,0.52658,
1403636651463555584,10.23057,-5.09481,0.23935,0.25166,0.73141,-0.36359,0.51914,
1403636651663555328,10.17277,-5.10797,0.25003,0.25146,0.72765,-0.35720,0.52887,
1403636651863555328,10.10570,-5.11626,0.24212,0.24810,0.71694,-0.36849,0.53728,
1403636651963555584,10.06366,-5.11676,0.23258,0.25362,0.70820,-0.38265,0.53639,
1403636652063555584,10.01520,-5.11854,0.21806,0.26700,0.69920,-0.39940,0.52945,
1403636652163555328,9.95998,-5.11926,0.20045,0.28685,0.69123,-0.41930,0.51391,
1403636652263555584,9.89874,-5.11860,0.17986,0.30534,0.68087,-0.44513,0.49502,
1403636652363555328,9.83368,-5.11302,0.15422,0.31916,0.67049,-0.47357,0.47362,
1403636652463555584,9.77159,-5.11073,0.12932,0.32972,0.65965,-0.49571,0.45872,
1403636652563555584,9.71198,-5.11166,0.10914,0.33492,0.65202,-0.51278,0.44694,
1403636652663555328,9.65541,-5.11772,0.09750,0.33716,0.64964,-0.52433,0.43516,
1403636652763555584,9.60129,-5.12912,0.09710,0.34003,0.64826,-0.52952,0.42867,
1403636652963555584,9.49951,-5.16810,0.11876,0.34596,0.64495,-0.52880,0.42980,
1403636653163555328,9.40476,-5.22578,0.12894,0.35247,0.64283,-0.51973,0.43864,
1403636653263555584,9.36002,-5.25941,0.12323,0.35739,0.63987,-0.51255,0.44737,
1403636653463555584,9.27090,-5.32118,0.12505,0.35932,0.64130,-0.50218,0.45545,
1403636653763555584,9.14936,-5.38848,0.17066,0.35849,0.64200,-0.49341,0.46461,
1403636654163555328,8.99489,-5.42273,0.15872,0.35452,0.63819,-0.49841,0.46757,
1403636654263555584,8.95459,-5.42465,0.15289,0.36000,0.63362,-0.50377,0.46383,
1403636654363555328,8.91241,-5.42347,0.15417,0.36639,0.62817,-0.51319,0.45585,
1403636654463555584,8.87036,-5.41966,0.16351,0.37377,0.62067,-0.52566,0.44581,
1403636654563555584,8.82895,-5.41324,0.18044,0.38389,0.61068,-0.53880,0.43519,
1403636654663555328,8.78936,-5.40491,0.19721,0.38669,0.60156,-0.55369,0.42665,
1403636654763555584,8.75151,-5.39564,0.20885,0.38985,0.59515,-0.56399,0.41919,
1403636654863555328,8.71459,-5.38654,0.21307,0.39404,0.59028,-0.57061,0.41316,
1403636654963555584,8.67972,-5.37862,0.21048,0.40081,0.58489,-0.57231,0.41196,
1403636655063555584,8.64467,-5.36908,0.20379,0.40820,0.57772,-0.57098,0.41664,
1403636655263555584,8.57485,-5.34364,0.18337,-0.41492,-0.56846,0.57038,-0.42351,
1403636655363555328,8.53881,-5.32271,0.17120,-0.41802,-0.56196,0.57445,-0.42364,
1403636655463555584,8.50309,-5.29695,0.16217,-0.42177,-0.55519,0.57949,-0.42197,
1403636655563555584,8.46528,-5.26513,0.15955,-0.42356,-0.54936,0.58902,-0.41456,
1403636655663555328,8.42572,-5.22752,0.15548,-0.42025,-0.54434,0.60424,-0.40248,
1403636655763555584,8.38424,-5.18974,0.14212,-0.41810,-0.53933,0.61671,-0.39242,
1403636655863555328,8.34132,-5.15265,0.11576,-0.42002,-0.52988,0.62875,-0.38403,
1403636655963555584,8.29549,-5.11758,0.08193,-0.42541,-0.51660,0.64099,-0.37589,
1403636656063555584,8.24662,-5.08427,0.05340,-0.43193,-0.50488,0.64949,-0.36973,
1403636656163555328,8.19606,-5.05228,0.03490,-0.43756,-0.49874,0.65490,-0.36182,
1403636656263555584,8.14489,-5.02199,0.02943,-0.44090,-0.49662,0.65841,-0.35423,
1403636656363555328,8.09249,-4.99502,0.03367,-0.44113,-0.49510,0.66132,-0.35061,
1403636656563555584,7.98457,-4.95154,0.06767,-0.44250,-0.49668,0.66056,-0.34809,
1403636656663555328,7.92886,-4.93409,0.08505,-0.44662,-0.49622,0.65621,-0.35169,
1403636656763555584,7.87224,-4.91641,0.09897,-0.45527,-0.49219,0.64805,-0.36125,
1403636656863555328,7.81556,-4.89708,0.10489,-0.46189,-0.49234,0.64139,-0.36453,
1403636657063555584,7.70540,-4.84720,0.09320,-0.46365,-0.49125,0.63607,-0.37299,
1403636657263555584,7.60082,-4.77943,0.06834,-0.45615,-0.49015,0.63880,-0.37896,
1403636657363555328,7.55195,-4.73980,0.06342,-0.45107,-0.49174,0.64236,-0.37698,
1403636657463555584,7.50133,-4.69712,0.05833,-0.44224,-0.49372,0.64881,-0.37377,
1403636657563555584,7.44750,-4.65283,0.04856,-0.43622,-0.49563,0.65329,-0.37050,
1403636657763555584,7.32830,-4.56260,0.01861,-0.43601,-0.49393,0.65517,-0.36970,
1403636657863555328,7.26579,-4.51603,-0.00185,-0.43319,-0.48966,0.65986,-0.37036,
1403636657963555584,7.19929,-4.46928,-0.02092,-0.42771,-0.48653,0.66587,-0.37009,
1403636658063555584,7.12686,-4.42503,-0.03070,-0.42883,-0.48756,0.66707,-0.36525,
1403636658163555328,7.05050,-4.38138,-0.03191,-0.43586,-0.49134,0.66413,-0.35714,
1403636658263555584,6.97181,-4.34197,-0.03099,-0.44207,-0.49464,0.66137,-0.34999,
1403636658363555328,6.89239,-4.30490,-0.03580,-0.44499,-0.49646,0.66054,-0.34524,
1403636658463555584,6.81299,-4.27141,-0.04464,-0.44707,-0.49856,0.65993,-0.34068,
1403636658563555584,6.73338,-4.24316,-0.05568,-0.45123,-0.50212,0.65732,-0.33496,
1403636658663555328,6.65549,-4.21824,-0.06877,-0.45436,-0.50442,0.65514,-0.33151,
1403636658763555584,6.58105,-4.19666,-0.08407,-0.45882,-0.50525,0.65204,-0.33023,
1403636658863555328,6.51130,-4.17851,-0.10126,-0.46608,-0.50534,0.64694,-0.32995,
1403636658963555584,6.44732,-4.16267,-0.12170,-0.46760,-0.50014,0.64599,-0.33750,
1403636659063555584,6.38907,-4.14724,-0.14585,-0.46874,-0.49473,0.64512,-0.34546,
1403636659263555584,6.28135,-4.10988,-0.20455,-0.47011,-0.49070,0.64360,-0.35212,
1403636659363555328,6.23318,-4.08824,-0.23034,-0.46624,-0.49293,0.64617,-0.34943,
1403636659463555584,6.18912,-4.06625,-0.25087,-0.46071,-0.49748,0.64978,-0.34358,
1403636659663555328,6.10803,-4.02369,-0.27638,-0.46274,-0.49689,0.64934,-0.34254,
1403636659863555328,6.03988,-3.98249,-0.31875,-0.46664,-0.49351,0.64875,-0.34325,
1403636659963555584,6.01100,-3.96021,-0.34814,-0.46374,-0.49486,0.65197,-0.33910,
1403636660063555584,5.98643,-3.93987,-0.38193,-0.45831,-0.49677,0.65695,-0.33405,
1403636660163555328,5.96464,-3.92021,-0.41862,-0.45452,-0.49867,0.66050,-0.32936,
1403636660263555584,5.94537,-3.90534,-0.45694,-0.45186,-0.49959,0.66292,-0.32676,
1403636660363555328,5.92858,-3.89532,-0.49287,-0.44545,-0.50341,0.66769,-0.31991,
1403636660463555584,5.91343,-3.89225,-0.52013,-0.43893,-0.50629,0.67233,-0.31462,
1403636660663555328,5.88344,-3.90954,-0.56574,-0.45379,-0.50254,0.66139,-0.32263,
1403636660763555584,5.87209,-3.92743,-0.59441,-0.46713,-0.50054,0.65135,-0.32711,
1403636660963555584,5.86470,-3.96382,-0.66946,-0.48094,-0.50105,0.64039,-0.32794,
1403636661163555328,5.88284,-3.99940,-0.76066,-0.47626,-0.49346,0.64364,-0.33970,
1403636661363555328,5.91973,-4.02898,-0.83997,-0.47430,-0.48956,0.64519,-0.34510,
1403636661563555584,5.96871,-4.04739,-0.89255,-0.47091,-0.48925,0.64727,-0.34630,
1403636661763555584,6.02775,-4.05665,-0.91632,-0.46727,-0.48520,0.64936,-0.35296,
1403636661963555584,6.08928,-4.05467,-0.91457,-0.46354,-0.47993,0.65061,-0.36262,
1403636662263555584,6.17090,-4.02380,-0.87829,-0.46985,-0.48832,0.64647,-0.35052,
1403636662463555584,6.23097,-3.99021,-0.87779,-0.46751,-0.49535,0.65009,-0.33683,
1403636662563555584,6.26571,-3.97375,-0.88583,-0.46118,-0.49670,0.65546,-0.33313,
1403636662663555328,6.30273,-3.95784,-0.89870,-0.45235,-0.48967,0.66277,-0.34109,
1403636662763555584,6.33902,-3.94456,-0.91415,-0.44759,-0.48089,0.66684,-0.35176,
1403636662963555584,6.39588,-3.91939,-0.95678,-0.44118,-0.47945,0.67285,-0.35037,
1403636663063555584,6.41799,-3.90809,-0.97969,-0.43332,-0.47739,0.67887,-0.35139,
1403636663263555584,6.43692,-3.89251,-1.00744,-0.43514,-0.48351,0.67866,-0.34101,
1403636663363555328,6.43600,-3.89025,-1.02379,-0.44241,-0.49369,0.67375,-0.32650,
1403636663463555584,6.43462,-3.89293,-1.04716,-0.44370,-0.50209,0.67223,-0.31486,
1403636663663555328,6.43471,-3.92120,-1.10468,-0.44207,-0.50901,0.67286,-0.30453,
1403636663863555328,6.44353,-3.98794,-1.15352,-0.45889,-0.51783,0.65850,-0.29604,
1403636663963555584,6.45764,-4.03731,-1.16676,-0.46949,-0.51902,0.64931,-0.29765,
1403636664063555584,6.48004,-4.09355,-1.17286,-0.47814,-0.51825,0.64151,-0.30210,
1403636664163555328,6.51159,-4.15702,-1.17463,-0.47825,-0.51361,0.63994,-0.31298,
1403636664263555584,6.55045,-4.22368,-1.17315,-0.47726,-0.50797,0.63851,-0.32634,
1403636664363555328,6.59610,-4.28808,-1.18390,-0.47547,-0.50488,0.63750,-0.33558,
1403636664463555584,6.64719,-4.34935,-1.21039,-0.47348,-0.50423,0.63620,-0.34179,
1403636664563555584,6.70299,-4.40850,-1.24260,-0.47151,-0.50371,0.63446,-0.34845,
1403636664663555328,6.76254,-4.46427,-1.27072,-0.46610,-0.50117,0.63508,-0.35811,
1403636664763555584,6.82351,-4.51720,-1.29197,-0.46175,-0.50416,0.63536,-0.35905,
1403636664863555328,6.88696,-4.56765,-1.30589,-0.46091,-0.50939,0.63319,-0.35659,
1403636664963555584,6.95233,-4.61773,-1.31522,-0.45687,-0.51198,0.63383,-0.35694,
1403636665063555584,7.01912,-4.66493,-1.31720,-0.44903,-0.51585,0.63763,-0.35453,
1403636665163555328,7.08685,-4.71059,-1.31079,-0.44292,-0.51910,0.64055,-0.35221,
1403636665263555584,7.15540,-4.75768,-1.30018,-0.43815,-0.51423,0.64285,-0.36102,
1403636665363555328,7.22132,-4.80654,-1.28828,-0.43943,-0.51025,0.64136,-0.36770,
1403636665563555584,7.34294,-4.89901,-1.26388,-0.44966,-0.51878,0.63576,-0.35282,
1403636665763555584,7.46942,-4.98860,-1.23398,-0.45736,-0.52042,0.63292,-0.34554,
1403636665863555328,7.53690,-5.03527,-1.21648,-0.45757,-0.51282,0.63430,-0.35398,
1403636665963555584,7.60677,-5.08082,-1.20000,-0.45133,-0.50277,0.64008,-0.36581,
1403636666063555584,7.67650,-5.12368,-1.18827,-0.44670,-0.49809,0.64431,-0.37045,
1403636666263555584,7.80661,-5.19850,-1.18072,-0.45415,-0.50023,0.63985,-0.36622,
1403636666363555328,7.87035,-5.23212,-1.18509,-0.45353,-0.49749,0.63995,-0.37051,
1403636666463555584,7.93251,-5.26164,-1.18983,-0.44827,-0.49618,0.64307,-0.37326,
1403636666563555584,7.99128,-5.28593,-1.18854,-0.44538,-0.49947,0.64425,-0.37029,
1403636666663555328,8.04752,-5.30676,-1.17883,-0.44451,-0.50667,0.64386,-0.36214,
1403636666763555584,8.10314,-5.32466,-1.16616,-0.44090,-0.51405,0.64505,-0.35393,
1403636666863555328,8.15825,-5.34450,-1.15356,-0.43226,-0.51687,0.64997,-0.35148,
1403636666963555584,8.21144,-5.36668,-1.14835,-0.41450,-0.51286,0.66131,-0.35755,
1403636667163555328,8.29836,-5.42347,-1.14617,-0.43018,-0.51076,0.64996,-0.36280,
1403636667263555584,8.33670,-5.45609,-1.15170,-0.44678,-0.51270,0.63789,-0.36141,
1403636667563555584,8.45555,-5.54063,-1.19106,-0.44355,-0.51959,0.63837,-0.35464,
1403636667663555328,8.49984,-5.56736,-1.20295,-0.43261,-0.51893,0.64577,-0.35574,
1403636667863555328,8.58051,-5.62490,-1.20019,-0.42887,-0.51478,0.64876,-0.36082,
1403636668463555584,8.77601,-5.82680,-1.26944,-0.44408,-0.51445,0.64784,-0.34415,
1403636668863555328,8.92188,-6.00040,-1.36454,-0.46461,-0.51642,0.63838,-0.33154,
1403636669063555584,9.02243,-6.09476,-1.38425,-0.46828,-0.50845,0.63628,-0.34256,
1403636669163555328,9.07968,-6.13868,-1.38503,-0.46584,-0.50357,0.63855,-0.34880,
1403636669363555328,9.20348,-6.21811,-1.39909,-0.46572,-0.50130,0.63967,-0.35019,
1403636669563555584,9.33518,-6.28563,-1.42970,-0.47161,-0.49754,0.63472,-0.35661,
1403636669663555328,9.40335,-6.31086,-1.44607,-0.47850,-0.49441,0.62882,-0.36219,
1403636669763555584,9.47460,-6.33117,-1.45886,-0.48239,-0.49133,0.62507,-0.36766,
1403636669863555328,9.54639,-6.34403,-1.46621,-0.46826,-0.48171,0.63329,-0.38425,
1403636669963555584,9.61973,-6.34716,-1.46712,-0.44761,-0.47450,0.64623,-0.39607,
1403636670063555584,9.68176,-6.33941,-1.45909,-0.43570,-0.47298,0.65366,-0.39898,
1403636670163555328,9.73492,-6.32471,-1.44585,-0.42825,-0.47166,0.65535,-0.40577,
1403636670263555584,9.77907,-6.30361,-1.43105,-0.42246,-0.46465,0.65318,-0.42308,
1403636670363555328,9.81129,-6.27388,-1.42255,-0.41506,-0.46227,0.65157,-0.43531,
1403636670463555584,9.82931,-6.23505,-1.41984,-0.40372,-0.46717,0.64961,-0.44358,
1403636670563555584,9.83123,-6.18673,-1.41358,-0.39211,-0.47659,0.64374,-0.45245,
1403636670663555328,9.81439,-6.13087,-1.39844,-0.38206,-0.49014,0.63383,-0.46049,
1403636670763555584,9.77935,-6.06820,-1.37672,-0.37272,-0.50479,0.62095,-0.46977,
1403636670863555328,9.72790,-6.00009,-1.35509,-0.35794,-0.51680,0.60842,-0.48438,
1403636670963555584,9.65775,-5.92641,-1.33477,-0.34002,-0.52667,0.59383,-0.50435,
1403636671063555584,9.56402,-5.84560,-1.30685,-0.32637,-0.54256,0.57275,-0.52064,
1403636671163555328,9.44361,-5.75782,-1.26936,0.31805,0.56675,-0.54854,0.52606,
1403636671263555584,9.29969,-5.66578,-1.22448,0.31045,0.59201,-0.52862,0.52317,
1403636671363555328,9.13693,-5.57094,-1.17838,0.31320,0.62392,-0.50874,0.50380,
1403636671463555584,8.96580,-5.47581,-1.13470,0.31652,0.65618,-0.48708,0.48166,
1403636671563555584,8.79416,-5.38211,-1.09737,0.30834,0.67972,-0.47392,0.46723,
1403636671663555328,8.62508,-5.29409,-1.06669,0.29751,0.69618,-0.46800,0.45583,
1403636671763555584,8.46081,-5.21454,-1.04128,0.28933,0.70607,-0.46551,0.44839,
1403636671863555328,8.30329,-5.14519,-1.01875,0.28474,0.71389,-0.46468,0.43972,
1403636671963555584,8.15364,-5.08873,-0.99261,0.28087,0.72137,-0.46703,0.42735,
1403636672063555584,8.01373,-5.04515,-0.95743,0.28432,0.72822,-0.46568,0.41474,
1403636672163555328,7.88880,-5.01642,-0.91373,0.29719,0.73107,-0.45856,0.40858,
1403636672263555584,7.78023,-4.99869,-0.86662,0.30532,0.73121,-0.45547,0.40579,
1403636672363555328,7.68778,-4.99309,-0.82256,0.31755,0.73029,-0.44843,0.40590,
1403636672463555584,7.61221,-4.99669,-0.78898,0.33405,0.72558,-0.43699,0.41350,
1403636672563555584,7.55181,-5.00385,-0.76979,0.33993,0.70879,-0.43414,0.43998,
1403636672663555328,7.50154,-5.01097,-0.77119,0.33733,0.69354,-0.43655,0.46328,
1403636672863555328,7.42008,-5.01809,-0.82256,0.31614,0.69548,-0.44608,0.46623,
1403636672963555584,7.38812,-5.02207,-0.84347,0.30916,0.70273,-0.43721,0.46845,
1403636673063555584,7.36288,-5.02596,-0.85699,0.30253,0.71238,-0.42402,0.47033,
1403636673163555328,7.34478,-5.03047,-0.86425,0.29223,0.72348,-0.41476,0.46814,
1403636673263555584,7.33286,-5.03589,-0.86488,0.28066,0.73690,-0.40987,0.45850,
1403636673363555328,7.32845,-5.04524,-0.85857,0.27202,0.74557,-0.40714,0.45208,
1403636673563555584,7.34955,-5.08146,-0.85029,0.26971,0.74707,-0.39899,0.45820,
1403636673663555328,7.37402,-5.10671,-0.85258,0.27548,0.74138,-0.39255,0.46943,
1403636673763555584,7.40648,-5.13469,-0.85803,0.28208,0.73441,-0.38593,0.48180,
1403636673863555328,7.44259,-5.15976,-0.86000,0.28522,0.72988,-0.38204,0.48987,
1403636674263555584,7.63071,-5.24751,-0.87667,0.28018,0.72608,-0.38576,0.49548,
1403636674363555328,7.68830,-5.26469,-0.89609,0.26983,0.72152,-0.39245,0.50257,
1403636674463555584,7.74682,-5.28172,-0.92080,0.25651,0.71966,-0.39375,0.51113,
1403636674563555584,7.80325,-5.29907,-0.95091,0.24652,0.72135,-0.38774,0.51820,
1403636674663555328,7.85673,-5.31786,-0.98527,0.24277,0.72457,-0.37875,0.52212,
1403636674763555584,7.90684,-5.33687,-1.02456,0.23504,0.73054,-0.37494,0.52008,
1403636674863555328,7.95321,-5.35729,-1.06406,0.22475,0.74066,-0.37544,0.50986,
1403636674963555584,7.99856,-5.38253,-1.09757,0.21765,0.74910,-0.37597,0.50012,
1403636675063555584,8.04645,-5.41470,-1.12111,0.21385,0.75535,-0.37640,0.49197,
1403636675263555584,8.14825,-5.50565,-1.13844,0.23383,0.76505,-0.36156,0.47884,
1403636675363555328,8.21280,-5.56305,-1.13719,0.24418,0.76413,-0.35423,0.48063,
1403636675463555584,8.28643,-5.62406,-1.13466,0.24989,0.75882,-0.34398,0.49338,
1403636675563555584,8.36980,-5.67413,-1.13387,0.25385,0.75687,-0.32982,0.50392,
1403636675663555328,8.44783,-5.73153,-1.13956,0.25436,0.75656,-0.31706,0.51225,
1403636675763555584,8.53398,-5.77850,-1.15206,0.24690,0.75552,-0.30591,0.52407,
1403636675863555328,8.62237,-5.81956,-1.16976,0.22306,0.75270,-0.30242,0.54058,
1403636675963555584,8.70890,-5.85523,-1.19458,0.19297,0.75539,-0.30006,0.54965,
1403636676063555584,8.79209,-5.89057,-1.22182,0.17329,0.76349,-0.28875,0.55108,
1403636676163555328,8.87050,-5.92707,-1.25125,0.16920,0.77527,-0.26585,0.54741,
1403636676263555584,8.94189,-5.96871,-1.27533,0.17164,0.78745,-0.23627,0.54281,
1403636676363555328,9.02415,-5.99582,-1.31617,0.17025,0.79781,-0.20694,0.54008,
1403636676463555584,9.11812,-6.02273,-1.33699,0.16286,0.80559,-0.18203,0.53978,
1403636676563555584,9.19266,-6.04662,-1.35637,0.14295,0.80950,-0.16773,0.54419,
1403636676663555328,9.28286,-6.06285,-1.36528,0.12391,0.81022,-0.15903,0.55036,
1403636676763555584,9.36994,-6.07458,-1.36757,0.10899,0.80894,-0.15559,0.55636,
1403636676863555328,9.47269,-6.09416,-1.36739,0.09467,0.80923,-0.15399,0.55898,
1403636676963555584,9.55186,-6.10227,-1.35980,0.08731,0.80864,-0.15171,0.56166,
1403636677163555328,9.72260,-6.13047,-1.38511,0.10003,0.80973,-0.13931,0.56117,
1403636677363555328,9.89665,-6.15738,-1.44827,0.10584,0.80284,-0.12689,0.57283,
1403636677463555584,9.98109,-6.16220,-1.46369,0.10119,0.79667,-0.11669,0.58434,
1403636677563555584,10.05559,-6.16204,-1.47093,0.08956,0.79325,-0.10630,0.59282,
1403636677663555328,10.12946,-6.15494,-1.47483,0.07265,0.79452,-0.09596,0.59519,
1403636677763555584,10.19146,-6.14604,-1.47248,0.05246,0.79872,-0.08405,0.59349,
1403636677863555328,10.24605,-6.13572,-1.46644,0.02558,0.80691,-0.07290,0.58560,
1403636677963555584,10.29587,-6.12846,-1.45596,0.00146,0.81416,-0.05736,0.57780,
1403636678063555584,10.34559,-6.12571,-1.44638,-0.01305,0.81804,-0.03658,0.57385,
1403636678163555328,10.39381,-6.12772,-1.44186,-0.01551,0.81800,-0.01446,0.57482,
1403636678263555584,10.43888,-6.13381,-1.44337,-0.01484,0.81813,0.00512,0.57483,
1403636678363555328,10.48264,-6.14042,-1.44369,-0.02330,0.81718,0.01999,0.57557,
1403636678463555584,10.52565,-6.14687,-1.43820,-0.03378,0.81766,0.03455,0.57367,
1403636678563555584,10.56827,-6.15289,-1.42583,-0.04448,0.81734,0.05035,0.57223,
1403636678663555328,10.60926,-6.15847,-1.40969,-0.05487,0.81504,0.07168,0.57232,
1403636678763555584,10.64906,-6.16415,-1.39704,-0.05807,0.81160,0.10127,0.57243,
1403636678863555328,10.68769,-6.16665,-1.39162,-0.05849,0.80813,0.13182,0.57107,
1403636678963555584,10.72472,-6.16263,-1.39209,-0.06115,0.80456,0.15655,0.56960,
1403636679063555584,10.75678,-6.15068,-1.39765,-0.07509,0.80013,0.17304,0.56940,
1403636679163555328,10.78443,-6.13179,-1.40889,-0.09712,0.79468,0.18489,0.56997,
1403636679263555584,10.80773,-6.10750,-1.42228,-0.12673,0.78770,0.19408,0.57079,
1403636679363555328,10.82754,-6.08168,-1.43168,-0.15163,0.78127,0.20796,0.56866,
1403636679463555584,10.84401,-6.05815,-1.43374,-0.17042,0.77573,0.22580,0.56410,
1403636679563555584,10.85621,-6.03868,-1.43031,-0.18367,0.77130,0.24379,0.55851,
1403636679663555328,10.86548,-6.02254,-1.41894,-0.19323,0.76928,0.25651,0.55234,
1403636679763555584,10.87119,-6.01006,-1.40189,-0.19645,0.76689,0.26708,0.54951,
1403636679863555328,10.87736,-5.99947,-1.37596,-0.19859,0.76048,0.27255,0.55492,
1403636679963555584,10.88254,-5.98995,-1.34182,-0.19434,0.75473,0.27862,0.56124,
1403636680063555584,10.88300,-5.98142,-1.30165,-0.18190,0.75111,0.28675,0.56615,
1403636680163555328,10.87663,-5.97283,-1.26153,-0.17047,0.74811,0.29300,0.57045,
1403636680463555584,10.80519,-5.92890,-1.17686,-0.15162,0.74998,0.29726,0.57112,
1403636680763555584,10.65894,-5.83825,-1.14115,-0.16056,0.76156,0.28248,0.56077,
1403636680863555328,10.59976,-5.79542,-1.13600,-0.17644,0.76847,0.26991,0.55269,
1403636680963555584,10.53728,-5.75143,-1.13799,-0.18844,0.77888,0.26017,0.53866,
1403636681063555584,10.47575,-5.70846,-1.14690,-0.18634,0.78823,0.26057,0.52544,
1403636681163555328,10.41860,-5.66494,-1.15921,-0.18119,0.79103,0.26355,0.52153,
1403636681263555584,10.36795,-5.61942,-1.16968,-0.17641,0.78166,0.26769,0.53500,
1403636681363555328,10.31969,-5.57170,-1.17595,-0.17751,0.77358,0.26747,0.54637,
1403636681463555584,10.27193,-5.52323,-1.17608,-0.18269,0.76922,0.26501,0.55199,
1403636681563555584,10.22258,-5.47459,-1.17156,-0.18506,0.76773,0.26499,0.55328,
1403636681763555584,10.11800,-5.37851,-1.16798,-0.18172,0.76537,0.27061,0.55494,
1403636681963555584,10.00835,-5.28106,-1.16953,-0.18556,0.76350,0.27199,0.55556,
1403636682063555584,9.95037,-5.22993,-1.16003,-0.18887,0.76392,0.27142,0.55415,
1403636682163555328,9.88829,-5.18144,-1.14394,-0.19137,0.76410,0.27102,0.55325,
1403636682263555584,9.82455,-5.13441,-1.12933,-0.19238,0.76832,0.27085,0.54709,
1403636682363555328,9.76133,-5.08849,-1.11995,-0.19043,0.77535,0.27178,0.53731,
1403636682563555584,9.64234,-4.99457,-1.11152,-0.18746,0.77172,0.27048,0.54419,
1403636682763555584,9.52485,-4.90120,-1.11440,-0.18786,0.76579,0.26612,0.55449,
1403636682963555584,9.40108,-4.80897,-1.10637,-0.18094,0.76324,0.26662,0.56003,
1403636683163555328,9.26665,-4.72481,-1.07913,-0.18010,0.76345,0.26765,0.55953,
1403636683263555584,9.19494,-4.68137,-1.07844,-0.18318,0.76510,0.26686,0.55665,
1403636683363555328,9.12156,-4.63804,-1.08102,-0.18652,0.76582,0.26654,0.55469,
1403636683463555584,9.04748,-4.59510,-1.08835,-0.18910,0.76627,0.26690,0.55303,
1403636683663555328,8.89772,-4.51127,-1.11449,-0.19045,0.76805,0.26863,0.54924,
1403636683763555584,8.82257,-4.47015,-1.12801,-0.19129,0.77119,0.26897,0.54436,
1403636683863555328,8.74759,-4.43078,-1.13593,-0.19275,0.77423,0.26979,0.53910,
1403636684063555584,8.60517,-4.35056,-1.12761,-0.19470,0.77115,0.27215,0.54162,
1403636684263555584,8.46350,-4.27107,-1.09104,-0.19892,0.76697,0.27408,0.54503,
1403636684463555584,8.32447,-4.20167,-1.05704,-0.20262,0.76282,0.27516,0.54895,
1403636684663555328,8.18862,-4.13654,-1.05525,-0.21042,0.76175,0.27196,0.54909,
1403636684863555328,8.05007,-4.10048,-1.04936,-0.21012,0.76074,0.27275,0.55021,
1403636685163555328,7.83860,-4.04214,-1.08531,-0.19410,0.76293,0.28045,0.54919,
1403636685363555328,7.69148,-4.00809,-1.07373,-0.18248,0.76663,0.28263,0.54690,
1403636685563555584,7.54217,-3.96825,-1.06234,-0.18465,0.76927,0.27641,0.54564,
1403636685763555584,7.38575,-3.92468,-1.06863,-0.18389,0.76815,0.27506,0.54815,
1403636685963555584,7.23837,-3.87570,-1.10468,-0.18388,0.76734,0.27498,0.54933,
1403636686063555584,7.15960,-3.85162,-1.12222,-0.18824,0.77073,0.27243,0.54436,
1403636686263555584,6.99707,-3.80002,-1.12707,-0.19172,0.77364,0.26940,0.54051,
1403636686463555584,6.86587,-3.75431,-1.12731,-0.19192,0.77666,0.26852,0.53653,
1403636686663555328,6.73103,-3.70519,-1.12629,-0.19054,0.77715,0.27040,0.53537,
1403636686863555328,6.59926,-3.65124,-1.13893,-0.19339,0.77414,0.26963,0.53908,
1403636687063555584,6.48122,-3.60146,-1.13079,-0.19733,0.77226,0.26781,0.54125,
1403636687263555584,6.36487,-3.55121,-1.10163,-0.19771,0.77078,0.26849,0.54289,
1403636687463555584,6.25614,-3.50749,-1.09892,-0.19714,0.76751,0.26996,0.54698,
1403636687663555328,6.15108,-3.46763,-1.12362,-0.20083,0.76673,0.26853,0.54744,
1403636687863555328,6.05146,-3.43842,-1.17543,-0.20237,0.76627,0.26863,0.54746,
1403636688063555584,5.95778,-3.41643,-1.24568,-0.19450,0.76470,0.27494,0.54937,
1403636688263555584,5.85894,-3.39795,-1.30382,-0.19294,0.76420,0.27647,0.54985,
1403636688363555328,5.80764,-3.38816,-1.32492,-0.19711,0.76562,0.27404,0.54761,
1403636688563555584,5.70119,-3.36928,-1.37222,-0.18988,0.76549,0.27934,0.54767,
1403636688763555584,5.59368,-3.34688,-1.43404,-0.18251,0.76384,0.28703,0.54850,
1403636688863555328,5.53955,-3.33223,-1.46486,-0.18562,0.76398,0.28898,0.54623,
1403636688963555584,5.48250,-3.31335,-1.48754,-0.19249,0.76461,0.29212,0.54128,
1403636689063555584,5.42425,-3.29156,-1.50049,-0.19992,0.76514,0.29472,0.53641,
1403636689163555328,5.36663,-3.26759,-1.50693,-0.20743,0.76602,0.29705,0.53098,
1403636689263555584,5.31038,-3.24350,-1.50613,-0.21196,0.76607,0.30047,0.52720,
1403636689363555328,5.25969,-3.21709,-1.49751,-0.21498,0.76564,0.30336,0.52493,
1403636689463555584,5.21511,-3.18911,-1.48026,-0.21734,0.76443,0.30548,0.52449,
1403636689563555584,5.17419,-3.15995,-1.45597,-0.21899,0.76540,0.30681,0.52160,
1403636689663555328,5.13420,-3.13077,-1.42723,-0.22109,0.76884,0.30650,0.51580,
1403636689763555584,5.09882,-3.10069,-1.40263,-0.22578,0.77513,0.30270,0.50653,
1403636689863555328,5.07153,-3.06948,-1.38225,-0.23095,0.77791,0.29785,0.50280,
1403636689963555584,5.05305,-3.03720,-1.36604,-0.23923,0.77795,0.29004,0.50343,
1403636690263555584,5.04408,-2.94932,-1.33244,-0.22060,0.77629,0.29844,0.50955,
1403636690463555584,5.07092,-2.88605,-1.29310,-0.21697,0.77447,0.29944,0.51328,
1403636690563555584,5.09104,-2.85236,-1.27468,-0.22359,0.77412,0.29427,0.51396,
1403636690663555328,5.11609,-2.81827,-1.26246,-0.23315,0.77560,0.28658,0.51181,
1403636690763555584,5.14674,-2.78659,-1.26042,-0.24976,0.77506,0.27410,0.51163,
1403636690863555328,5.18324,-2.76150,-1.27321,-0.26235,0.77200,0.26487,0.51481,
1403636690963555584,5.22676,-2.74593,-1.29147,-0.27295,0.76419,0.25743,0.52464,
1403636691063555584,5.27827,-2.74208,-1.30348,-0.28081,0.75351,0.25242,0.53820,
1403636691163555328,5.33369,-2.75542,-1.30625,-0.27994,0.74485,0.25471,0.54950,
1403636691263555584,5.39022,-2.78455,-1.30008,-0.26555,0.73620,0.26664,0.56250,
1403636691363555328,5.44170,-2.82882,-1.28861,-0.24981,0.73304,0.28017,0.56723,
1403636691463555584,5.48864,-2.88196,-1.27211,-0.24132,0.74106,0.28975,0.55555,
1403636691563555584,5.53109,-2.94188,-1.24571,-0.23936,0.74812,0.29456,0.54430,
1403636691663555328,5.57478,-3.00474,-1.21101,-0.23236,0.75084,0.30224,0.53935,
1403636691763555584,5.61702,-3.06925,-1.17686,-0.22222,0.75075,0.31108,0.53872,
1403636691863555328,5.65502,-3.13386,-1.15056,-0.22234,0.75173,0.31220,0.53665,
1403636691963555584,5.69075,-3.19852,-1.13044,-0.22852,0.75003,0.30836,0.53865,
1403636692063555584,5.72452,-3.26437,-1.11263,-0.23356,0.74797,0.30488,0.54133,
1403636692163555328,5.75701,-3.33237,-1.09291,-0.22731,0.74747,0.30856,0.54261,
1403636692263555584,5.78627,-3.39996,-1.06752,-0.22286,0.74854,0.31104,0.54155,
1403636692463555584,5.83307,-3.53548,-0.99167,-0.22153,0.75167,0.31012,0.53828,
1403636692563555584,5.85311,-3.60329,-0.94409,-0.21704,0.75113,0.31173,0.53993,
1403636692763555584,5.88602,-3.72989,-0.83781,-0.20717,0.75405,0.31530,0.53765,
1403636692863555328,5.89938,-3.78763,-0.79051,-0.19166,0.75492,0.32417,0.53691,
1403636693063555584,5.91714,-3.88315,-0.70793,-0.19287,0.75768,0.32324,0.53315,
1403636693363555328,5.92950,-3.98257,-0.62456,-0.20810,0.76622,0.31588,0.51945,
1403636693563555584,5.94362,-4.02290,-0.59592,-0.21024,0.77852,0.31574,0.50002,
1403636693863555328,6.00268,-4.04142,-0.57041,-0.21386,0.77128,0.31551,0.50975,
1403636693963555584,6.03025,-4.03700,-0.56437,-0.21869,0.76234,0.31267,0.52273,
1403636694063555584,6.05895,-4.03451,-0.55494,-0.22352,0.75439,0.30998,0.53371,
1403636694263555584,6.11559,-4.02408,-0.55640,-0.22521,0.74990,0.30998,0.53930,
1403636694563555584,6.18924,-4.02140,-0.52479,-0.22170,0.75676,0.31264,0.52954,
1403636694963555584,6.27920,-4.00991,-0.54558,-0.23407,0.75918,0.29944,0.52839,
1403636695163555328,6.33535,-4.01809,-0.56826,-0.22794,0.76051,0.30050,0.52856,
1403636695363555328,6.39279,-4.02753,-0.56435,-0.21826,0.75846,0.30306,0.53409,
1403636695563555584,6.44571,-4.03857,-0.54464,-0.21299,0.75664,0.30408,0.53820,
1403636695863555328,6.51178,-4.05117,-0.54288,-0.21067,0.75714,0.30257,0.53926,
1403636696063555584,6.54829,-4.05732,-0.56504,-0.20982,0.76330,0.30119,0.53163,
1403636696263555584,6.58410,-4.05818,-0.59566,-0.19985,0.76452,0.30611,0.53091,
1403636696363555328,6.60191,-4.05530,-0.61330,-0.20404,0.75854,0.30267,0.53980,
1403636696463555584,6.61664,-4.05078,-0.62796,-0.21294,0.75241,0.29572,0.54871,
1403636697063555584,6.63052,-4.05311,-0.66124,-0.19417,0.75255,0.30636,0.54964,
1403636697263555584,6.60773,-4.04729,-0.66523,-0.17931,0.74868,0.31499,0.55507,
1403636697463555584,6.55814,-4.01968,-0.64149,-0.19455,0.75928,0.30409,0.54145,
1403636697763555584,6.45529,-3.96375,-0.56292,-0.17952,0.77223,0.27733,0.54270,
1403636697863555328,6.42152,-3.94342,-0.55119,-0.16788,0.77776,0.25980,0.54719,
1403636697963555584,6.38574,-3.92148,-0.54135,-0.15948,0.78274,0.24381,0.54995,
1403636698163555328,6.30888,-3.86560,-0.53711,-0.14966,0.78861,0.22333,0.55300,
1403636698363555328,6.23491,-3.80413,-0.54863,-0.13618,0.79330,0.20369,0.55735,
1403636698463555584,6.20213,-3.77467,-0.56391,-0.12498,0.79810,0.18881,0.55837,
1403636698563555584,6.17596,-3.74652,-0.58407,-0.11152,0.80245,0.17171,0.56050,
1403636698663555328,6.13292,-3.71087,-0.59710,-0.09870,0.80726,0.15048,0.56209,
1403636698763555584,6.09935,-3.67647,-0.62027,-0.08454,0.81173,0.12710,0.56374,
1403636698863555328,6.06716,-3.64106,-0.64729,-0.07030,0.81586,0.10136,0.56495,
1403636698963555584,6.03492,-3.60375,-0.67135,-0.05529,0.81874,0.07577,0.56646,
1403636699063555584,6.00251,-3.56558,-0.68871,-0.04195,0.82049,0.05031,0.56790,
1403636699163555328,5.97211,-3.52781,-0.69807,-0.03125,0.82099,0.02172,0.56967,
1403636699263555584,5.94063,-3.49270,-0.70054,-0.01868,0.82185,-0.00762,0.56934,
1403636699363555328,5.91265,-3.46087,-0.69659,-0.00631,0.82279,-0.03695,0.56710,
1403636699463555584,5.88781,-3.43357,-0.68836,0.00566,0.82270,-0.06432,0.56480,
1403636699563555584,5.86482,-3.41103,-0.68237,0.01909,0.82122,-0.08873,0.56335,
1403636699663555328,5.84383,-3.39431,-0.68227,0.03113,0.81861,-0.11294,0.56228,
1403636699763555584,5.82562,-3.38412,-0.68543,0.04820,0.81521,-0.13139,0.56200,
1403636699863555328,5.80836,-3.37923,-0.69205,0.06577,0.81128,-0.14124,0.56352,
1403636699963555584,5.79220,-3.37718,-0.70128,0.07412,0.80731,-0.14905,0.56617,
1403636700163555328,5.76021,-3.38041,-0.73364,0.07826,0.80461,-0.15672,0.56738,
1403636700363555328,5.72609,-3.39531,-0.78412,0.07828,0.80527,-0.16470,0.56416,
1403636700463555584,5.70845,-3.41011,-0.81974,0.08339,0.80327,-0.17306,0.56379,
1403636700563555584,5.69159,-3.42909,-0.85680,0.09254,0.79914,-0.17762,0.56681,
1403636700663555328,5.67516,-3.45022,-0.89690,0.10574,0.79460,-0.18377,0.56891,
1403636700763555584,5.65908,-3.47272,-0.93704,0.11641,0.79096,-0.19164,0.56930,
1403636700863555328,5.64111,-3.49460,-0.96991,0.12273,0.79131,-0.19754,0.56546,
1403636700963555584,5.61649,-3.52011,-0.98922,0.12583,0.79397,-0.20158,0.55959,
1403636701063555584,5.60177,-3.53696,-1.01205,0.12571,0.79820,-0.20381,0.55275,
1403636701263555584,5.56992,-3.58473,-1.02422,0.12383,0.80481,-0.20140,0.54441,
1403636701563555584,5.53703,-3.67291,-0.99642,0.12264,0.79980,-0.19008,0.55601,
1403636701863555328,5.51904,-3.76182,-0.98212,0.12741,0.79508,-0.19424,0.56026,
1403636701963555584,5.51159,-3.79114,-0.98796,0.13367,0.79240,-0.20764,0.55778,
1403636702063555584,5.50316,-3.82019,-0.99831,0.14305,0.78807,-0.22449,0.55505,
1403636702163555328,5.49345,-3.84934,-1.01390,0.15526,0.78143,-0.24385,0.55300,
1403636702263555584,5.48543,-3.87824,-1.03578,0.16617,0.77709,-0.26018,0.54848,
1403636702363555328,5.47821,-3.90745,-1.06314,0.17516,0.77620,-0.27137,0.54147,
1403636702463555584,5.47334,-3.93643,-1.09482,0.18393,0.77638,-0.27801,0.53490,
1403636702563555584,5.47071,-3.96556,-1.12962,0.19023,0.77628,-0.28174,0.53087,
1403636702663555328,5.47117,-3.99462,-1.16907,0.19356,0.77793,-0.28440,0.52581,
1403636702863555328,5.48154,-4.05532,-1.25918,0.19562,0.78090,-0.28512,0.52023,
1403636703163555328,5.53023,-4.15432,-1.37146,0.18646,0.77187,-0.28851,0.53499,
1403636703263555584,5.54953,-4.18977,-1.39439,0.17820,0.76552,-0.29290,0.54445,
1403636703563555584,5.59128,-4.30474,-1.41541,0.19083,0.76782,-0.28235,0.54251,
1403636703963555584,5.63585,-4.45911,-1.41453,0.18485,0.76750,-0.28056,0.54595,
1403636704263555584,5.66363,-4.57157,-1.45954,0.17976,0.77456,-0.27847,0.53870,
1403636704463555584,5.68405,-4.64993,-1.48331,0.18212,0.78074,-0.27467,0.53087,
1403636704663555328,5.71598,-4.73289,-1.48280,0.18262,0.78619,-0.27336,0.52330,
1403636704863555328,5.76453,-4.81977,-1.49926,0.17978,0.79461,-0.27306,0.51158,
1403636705063555584,5.83951,-4.91675,-1.53537,0.17883,0.80008,-0.27058,0.50465,
1403636705163555328,5.88970,-4.97116,-1.55570,0.18280,0.79348,-0.26673,0.51558,
1403636705263555584,5.94645,-5.02513,-1.57087,0.18871,0.78552,-0.26151,0.52816,
1403636705363555328,6.00735,-5.07727,-1.58052,0.19049,0.78153,-0.25971,0.53430,
1403636705563555584,6.13698,-5.17935,-1.59640,0.18717,0.78748,-0.26273,0.52518,
1403636705763555584,6.28035,-5.28232,-1.63179,0.18638,0.78585,-0.26447,0.52702,
1403636705863555328,6.35780,-5.33483,-1.65207,0.18428,0.78094,-0.26544,0.53452,
1403636705963555584,6.43575,-5.38602,-1.66517,0.17821,0.77500,-0.26922,0.54326,
1403636706063555584,6.51054,-5.43623,-1.66958,0.16708,0.76988,-0.27534,0.55096,
1403636706263555584,6.65019,-5.54483,-1.67688,0.17397,0.76983,-0.26742,0.55280,
1403636706463555584,6.77657,-5.65300,-1.71053,0.18739,0.77912,-0.25507,0.54111,
1403636706663555328,6.90194,-5.75370,-1.73741,0.18976,0.78309,-0.25348,0.53527,
1403636706863555328,7.04310,-5.85201,-1.73912,0.18776,0.78776,-0.25762,0.52708,
1403636707063555584,7.19857,-5.94814,-1.72612,0.19115,0.78371,-0.26064,0.53040,
1403636707263555584,7.36209,-6.03814,-1.71099,0.19567,0.78091,-0.26494,0.53076,
1403636707463555584,7.53411,-6.12294,-1.67288,0.19872,0.78181,-0.26776,0.52687,
1403636707663555328,7.71685,-6.20121,-1.61281,0.18882,0.78102,-0.27622,0.52731,
1403636707863555328,7.90572,-6.28177,-1.58958,0.17959,0.77899,-0.28108,0.53096,
1403636707963555584,8.00165,-6.32235,-1.58997,0.17968,0.77757,-0.27865,0.53428,
1403636708063555584,8.09407,-6.36453,-1.60215,0.18196,0.77737,-0.27383,0.53629,
1403636708163555328,8.18168,-6.41302,-1.61867,0.18482,0.77684,-0.26849,0.53877,
1403636708263555584,8.27904,-6.45271,-1.64274,0.18086,0.77491,-0.26865,0.54280,
1403636708363555328,8.37170,-6.49772,-1.66830,0.16945,0.76990,-0.27524,0.55026,
1403636708463555584,8.45931,-6.54227,-1.68888,0.16090,0.76588,-0.28033,0.55584,
1403636708663555328,8.62414,-6.65316,-1.71697,0.17138,0.76579,-0.27382,0.55607,
1403636708763555584,8.69675,-6.70668,-1.73096,0.18613,0.76739,-0.26502,0.55339,
1403636708863555328,8.76416,-6.75742,-1.74845,0.19653,0.76764,-0.26008,0.55178,
1403636709063555584,8.89482,-6.84742,-1.77590,0.20861,0.76238,-0.25968,0.55482,
1403636709263555584,9.01846,-6.91151,-1.77683,0.21113,0.76471,-0.26512,0.54805,
1403636709563555584,9.20719,-6.96388,-1.78111,0.20997,0.77128,-0.26759,0.53800,
1403636709763555584,9.33202,-6.98840,-1.79571,0.20760,0.77397,-0.26669,0.53549,
1403636709963555584,9.47101,-6.99048,-1.81678,0.20706,0.77387,-0.26315,0.53759,
1403636710163555328,9.61464,-6.97684,-1.81580,0.20512,0.77378,-0.25971,0.54014,
1403636710363555328,9.76405,-6.95190,-1.84200,0.18891,0.77123,-0.26313,0.54797,
1403636710463555584,9.83828,-6.93248,-1.86264,0.17311,0.77126,-0.26390,0.55277,
1403636710563555584,9.91062,-6.91442,-1.88832,0.15867,0.77281,-0.25927,0.55710,
1403636710663555328,9.97710,-6.89967,-1.91711,0.14849,0.77519,-0.24999,0.56083,
1403636710763555584,10.03846,-6.88833,-1.94786,0.14122,0.77869,-0.23484,0.56440,
1403636710863555328,10.09812,-6.87925,-1.97154,0.13943,0.78459,-0.21236,0.56558,
1403636710963555584,10.15614,-6.86933,-1.98921,0.13666,0.79016,-0.19100,0.56612,
1403636711063555584,10.21159,-6.85799,-2.00142,0.13556,0.79495,-0.17358,0.56529,
1403636711163555328,10.25546,-6.83701,-2.00902,0.13541,0.79670,-0.16179,0.56636,
1403636711263555584,10.31521,-6.82535,-2.01244,0.13427,0.79720,-0.15563,0.56765,
1403636711363555328,10.36396,-6.80397,-2.01098,0.12881,0.79563,-0.15576,0.57107,
1403636711463555584,10.41094,-6.77491,-2.00758,0.12586,0.78792,-0.15709,0.58195,
1403636711563555584,10.45368,-6.74473,-1.99827,0.12894,0.78075,-0.15644,0.59104,
1403636711963555584,10.56553,-6.57730,-1.96076,0.12216,0.78546,-0.17154,0.58199,
1403636712063555584,10.57620,-6.52835,-1.94662,0.11158,0.78696,-0.18038,0.57940,
1403636712263555584,10.59174,-6.43380,-1.89877,0.11192,0.78838,-0.17122,0.58018,
1403636712363555328,10.59261,-6.38896,-1.86863,0.11429,0.79061,-0.15311,0.58174,
1403636712463555584,10.59153,-6.34159,-1.83725,0.11306,0.79178,-0.13779,0.58422,
1403636712563555584,10.58758,-6.29525,-1.80922,0.10810,0.79250,-0.12652,0.58673,
1403636712663555328,10.57860,-6.23347,-1.76174,0.09994,0.78988,-0.11965,0.59312,
1403636712763555584,10.56604,-6.17557,-1.73238,0.09251,0.78810,-0.11516,0.59756,
1403636712863555328,10.54566,-6.11638,-1.71029,0.08789,0.79038,-0.11258,0.59573,
1403636713063555584,10.49284,-5.99461,-1.67433,0.08648,0.79517,-0.10988,0.59004,
1403636713263555584,10.41595,-5.86452,-1.62524,0.08012,0.79829,-0.11163,0.58639,
1403636713463555584,10.33294,-5.73579,-1.54656,0.07720,0.80072,-0.11494,0.58282,
1403636713663555328,10.23671,-5.61695,-1.46669,0.06868,0.80269,-0.12406,0.57930,
1403636713863555328,10.13519,-5.50776,-1.40791,0.06374,0.80362,-0.13216,0.57678,
1403636714063555584,10.02686,-5.41748,-1.37059,0.07548,0.80478,-0.12905,0.57444,
1403636714363555328,9.85783,-5.29783,-1.34319,0.07716,0.80283,-0.13568,0.57542,
1403636714463555584,9.79660,-5.26176,-1.34354,0.07641,0.80761,-0.13597,0.56872,
1403636714563555584,9.73409,-5.22997,-1.34618,0.07089,0.81325,-0.13201,0.56229,
1403636714663555328,9.67729,-5.19858,-1.34986,0.06381,0.81817,-0.12126,0.55841,
1403636714763555584,9.62395,-5.17086,-1.34900,0.05443,0.82225,-0.10434,0.55683,
1403636714863555328,9.57713,-5.14646,-1.34011,0.04625,0.82455,-0.08024,0.55816,
1403636714963555584,9.52354,-5.12585,-1.32763,0.03454,0.82700,-0.05635,0.55830,
1403636715063555584,9.49496,-5.09803,-1.30502,0.02419,0.82860,-0.03637,0.55813,
1403636715163555328,9.45885,-5.07378,-1.27959,0.01687,0.82996,-0.02156,0.55715,
1403636715263555584,9.42735,-5.05107,-1.25355,0.01106,0.82959,-0.01245,0.55812,
1403636715363555328,9.40028,-5.02851,-1.23367,0.00534,0.82743,-0.00840,0.56148,
1403636715463555584,9.37885,-5.00658,-1.22015,-0.00272,0.82328,-0.01021,0.56754,
1403636715563555584,9.35764,-4.98676,-1.21422,-0.01560,0.81973,-0.01783,0.57226,
1403636715763555584,9.31834,-4.96106,-1.21618,-0.00804,0.81022,-0.01543,0.58586,
1403636715863555328,9.29773,-4.95352,-1.21599,-0.00077,0.80485,-0.01270,0.59335,
1403636716063555584,9.24100,-4.94145,-1.19845,0.00666,0.80028,-0.01338,0.59944,
1403636716263555584,9.16235,-4.93080,-1.16701,0.00515,0.81034,-0.02218,0.58552,
1403636716463555584,9.07375,-4.92408,-1.14672,0.00826,0.81500,-0.02768,0.57875,
1403636716763555584,8.94223,-4.91620,-1.16310,0.00390,0.81407,-0.01379,0.58059,
1403636716863555328,8.89516,-4.91182,-1.17611,-0.00581,0.81432,-0.00160,0.58038,
1403636716963555584,8.84716,-4.90634,-1.18515,-0.01782,0.81498,0.01585,0.57899,
1403636717063555584,8.79842,-4.90072,-1.18667,-0.03079,0.81463,0.03575,0.57806,
1403636717163555328,8.74928,-4.89582,-1.18140,-0.04126,0.81380,0.05421,0.57714,
1403636717263555584,8.69948,-4.89259,-1.17270,-0.04636,0.81293,0.06941,0.57634,
1403636717363555328,8.64919,-4.88930,-1.16292,-0.04247,0.81164,0.08453,0.57645,
1403636717563555584,8.54735,-4.87475,-1.14809,-0.04179,0.80990,0.09666,0.57704,
1403636717763555584,8.43954,-4.84497,-1.15867,-0.04637,0.80996,0.09572,0.57677,
1403636717963555584,8.32663,-4.79714,-1.16332,-0.05115,0.80869,0.11356,0.57490,
1403636718063555584,8.26835,-4.76150,-1.16528,-0.06096,0.80715,0.12681,0.57333,
1403636718163555328,8.20958,-4.72219,-1.15711,-0.07902,0.80556,0.13854,0.57064,
1403636718263555584,8.15038,-4.67992,-1.15409,-0.09437,0.80439,0.14852,0.56744,
1403636718363555328,8.09117,-4.63655,-1.16189,-0.10729,0.80322,0.15753,0.56437,
1403636718463555584,8.03399,-4.59106,-1.17733,-0.12117,0.80193,0.16713,0.56062,
1403636718563555584,7.97645,-4.54523,-1.19545,-0.13474,0.79971,0.17684,0.55771,
1403636718663555328,7.91957,-4.49932,-1.21768,-0.14906,0.79917,0.18157,0.55330,
1403636718763555584,7.86810,-4.45675,-1.24572,-0.15892,0.79837,0.18640,0.55010,
1403636718863555328,7.81650,-4.42148,-1.27466,-0.15548,0.79623,0.19702,0.55048,
1403636719063555584,7.72794,-4.34978,-1.30319,-0.14771,0.79037,0.21075,0.55595,
1403636719263555584,7.63274,-4.27874,-1.31933,-0.14959,0.78299,0.20980,0.56616,
1403636719463555584,7.53602,-4.21011,-1.35081,-0.15417,0.78000,0.20332,0.57140,
1403636719663555328,7.42339,-4.16452,-1.38062,-0.15270,0.78638,0.19926,0.56444,
1403636719863555328,7.30631,-4.12004,-1.39401,-0.14879,0.79275,0.19427,0.55827,
1403636720163555328,7.15032,-4.07408,-1.39630,-0.14504,0.79657,0.19024,0.55520,
1403636720363555328,7.05329,-4.04821,-1.42380,-0.14673,0.79646,0.18962,0.55513,
1403636720563555584,6.96373,-4.03201,-1.45472,-0.15046,0.79670,0.19041,0.55352,
1403636720963555584,6.81316,-4.01981,-1.45185,-0.13766,0.80006,0.17485,0.55712,
1403636721063555584,6.78074,-4.02164,-1.45467,-0.13268,0.80083,0.16252,0.56094,
1403636721163555328,6.75265,-4.02520,-1.46254,-0.12404,0.80180,0.14876,0.56533,
1403636721263555584,6.72257,-4.03060,-1.46985,-0.11630,0.80214,0.13457,0.57004,
1403636721363555328,6.69233,-4.03757,-1.47043,-0.10809,0.80379,0.12444,0.57162,
1403636721463555584,6.66280,-4.04719,-1.46406,-0.10160,0.80467,0.11742,0.57305,
1403636721563555584,6.63183,-4.05813,-1.45704,-0.09333,0.80681,0.11006,0.57291,
1403636721663555328,6.60093,-4.06933,-1.45542,-0.08461,0.80913,0.10320,0.57227,
1403636721863555328,6.53629,-4.09431,-1.46937,-0.07629,0.80936,0.09673,0.57425,
1403636722163555328,6.43682,-4.12660,-1.49512,-0.06985,0.80874,0.10328,0.57480,
1403636722563555584,6.29246,-4.15205,-1.49059,-0.07140,0.81010,0.09539,0.57406,
1403636722863555328,6.18173,-4.16418,-1.51364,-0.06168,0.81108,0.09300,0.57419,
1403636723263555584,6.03246,-4.16166,-1.48377,-0.06701,0.81157,0.08799,0.57370,
1403636723463555584,5.95815,-4.15987,-1.48282,-0.05408,0.81016,0.08425,0.57759,
1403636723563555584,5.92229,-4.15688,-1.48213,-0.05010,0.80515,0.07284,0.58645,
1403636723663555328,5.88620,-4.15273,-1.47672,-0.04784,0.80152,0.06222,0.59280,
1403636723763555584,5.84759,-4.14705,-1.46803,-0.04294,0.80678,0.05557,0.58667,
1403636723863555328,5.80496,-4.14100,-1.46005,-0.04101,0.81203,0.04932,0.58009,
1403636723963555584,5.76184,-4.13378,-1.45661,-0.03945,0.81686,0.04416,0.57378,
1403636724063555584,5.71597,-4.12766,-1.45739,-0.03435,0.82162,0.03771,0.56775,
1403636724163555328,5.67439,-4.12298,-1.46081,-0.02545,0.82432,0.02786,0.56487,
1403636724263555584,5.63330,-4.11957,-1.46979,-0.01586,0.82541,0.01343,0.56415,
1403636724363555328,5.59717,-4.11680,-1.48124,-0.00348,0.82366,-0.00151,0.56707,
1403636724463555584,5.56274,-4.11379,-1.48796,0.00742,0.82062,-0.01594,0.57120,
1403636724563555584,5.53218,-4.10847,-1.48912,0.01608,0.81727,-0.02555,0.57547,
1403636724763555584,5.47212,-4.09397,-1.46723,0.02439,0.81640,-0.03679,0.57579,
1403636725163555328,5.36281,-4.05227,-1.33549,0.01114,0.81904,-0.04396,0.57194,
1403636725663555328,5.24751,-4.02493,-1.18293,0.01950,0.81885,-0.03657,0.57251,
1403636726463555584,5.11209,-3.98138,-1.19423,0.01523,0.81538,-0.03074,0.57791,
1403636726663555328,5.07514,-3.98600,-1.16789,-0.00798,0.81183,-0.04378,0.58220,
1403636726963555584,5.02170,-3.99948,-1.08395,0.00605,0.81133,-0.02513,0.58402,
1403636727363555328,4.93417,-4.02885,-0.96220,0.01746,0.81375,-0.00905,0.58088,
1403636727963555584,4.76566,-3.99662,-0.78583,0.02366,0.81289,-0.00512,0.58191,
1403636728263555584,4.66747,-3.94324,-0.70347,0.01436,0.81081,-0.01281,0.58499,
1403636728463555584,4.59560,-3.89834,-0.67445,0.00467,0.81123,-0.02038,0.58435,
1403636728663555328,4.52071,-3.85561,-0.67083,-0.00653,0.81186,-0.02166,0.58342,
1403636728763555584,4.48233,-3.83659,-0.66347,-0.00503,0.81196,-0.00679,0.58366,
1403636728863555328,4.44127,-3.81823,-0.65217,-0.00755,0.81195,0.01005,0.58360,
1403636728963555584,4.40057,-3.79933,-0.63736,-0.01237,0.81027,0.02270,0.58549,
1403636729063555584,4.35981,-3.78078,-0.62615,-0.01706,0.80813,0.03213,0.58789,
1403636729263555584,4.27041,-3.74149,-0.61996,-0.02572,0.80915,0.04090,0.58562,
1403636729463555584,4.17565,-3.69539,-0.62631,-0.02834,0.80863,0.04371,0.58600,
1403636729763555584,4.01594,-3.62056,-0.59596,-0.03013,0.81082,0.04308,0.58293,
1403636729963555584,3.90568,-3.56889,-0.57641,-0.02958,0.81574,0.04169,0.57615,
1403636730163555328,3.79790,-3.51623,-0.57483,-0.03169,0.81745,0.04084,0.57367,
1403636730463555584,3.64495,-3.43798,-0.59800,-0.03322,0.82088,0.04187,0.56859,
1403636730563555584,3.59785,-3.41209,-0.60010,-0.03275,0.82543,0.04252,0.56195,
1403636730763555584,3.51845,-3.35626,-0.57926,-0.03318,0.82915,0.04258,0.55641,
1403636730963555584,3.45835,-3.30014,-0.53703,-0.04195,0.82971,0.03605,0.55545,
1403636731063555584,3.43742,-3.27467,-0.52191,-0.05198,0.82604,0.02783,0.56052,
1403636731163555328,3.42252,-3.25509,-0.50974,-0.05699,0.81939,0.02312,0.56992,
1403636731363555328,3.39775,-3.23162,-0.50075,-0.04342,0.81359,0.03063,0.57900,
1403636732063555584,3.30452,-3.22188,-0.59600,-0.03812,0.81304,0.03601,0.57984,
1403636732463555584,3.24170,-3.24589,-0.68124,-0.02596,0.80837,0.04675,0.58625,
1403636732563555584,3.21882,-3.25125,-0.68475,-0.01400,0.80414,0.05555,0.59167,
1403636732863555328,3.11542,-3.23595,-0.66310,-0.02554,0.79942,0.05012,0.59814,
1403636733063555584,3.02404,-3.21077,-0.65561,-0.02825,0.80473,0.04959,0.59089,
1403636733363555328,2.86600,-3.15956,-0.61205,-0.02927,0.80993,0.05134,0.58354,
1403636733563555584,2.75495,-3.11645,-0.56115,-0.03410,0.81470,0.04888,0.57681,
1403636733863555328,2.58941,-3.04393,-0.51347,-0.03464,0.81858,0.04988,0.57117,
1403636734163555328,2.42894,-2.95537,-0.50069,-0.03063,0.81157,0.05118,0.58120,
1403636734363555328,2.32573,-2.90467,-0.48279,-0.03640,0.81267,0.04894,0.57953,
1403636734563555584,2.21591,-2.85089,-0.43531,-0.03956,0.81684,0.04920,0.57340,
1403636734863555328,2.07117,-2.76516,-0.42157,-0.03993,0.81970,0.05356,0.56888,
1403636735163555328,1.94308,-2.68433,-0.43883,-0.04320,0.81965,0.05270,0.56879,
1403636735663555328,1.77994,-2.56097,-0.34725,-0.03822,0.81920,0.04128,0.57075,
1403636736163555328,1.67518,-2.45278,-0.25522,-0.04369,0.81511,0.05127,0.57538,
1403636736263555584,1.66105,-2.43232,-0.22499,-0.05138,0.81282,0.06162,0.57696,
1403636736363555328,1.63531,-2.41627,-0.19938,-0.05590,0.81151,0.07134,0.57727,
1403636736563555584,1.61029,-2.36997,-0.16442,-0.05287,0.80873,0.08989,0.57886,
1403636736863555328,1.53675,-2.30186,-0.15374,-0.05270,0.80629,0.09920,0.58075,
1403636737063555584,1.48719,-2.23392,-0.16251,-0.06233,0.80719,0.09789,0.57877,
1403636737263555584,1.42944,-2.16289,-0.18555,-0.07346,0.80756,0.09663,0.57716,
1403636737463555584,1.36889,-2.09178,-0.20664,-0.07585,0.81218,0.10058,0.56964,
1403636737663555328,1.31639,-2.02922,-0.19575,-0.08231,0.81538,0.09890,0.56444,
1403636737863555328,1.27045,-1.96999,-0.15785,-0.09002,0.81767,0.09293,0.56097,
1403636738163555328,1.23213,-1.91820,-0.05243,-0.08450,0.81611,0.09268,0.56413,
1403636738563555584,1.21398,-1.88196,0.03391,-0.07383,0.81893,0.08213,0.56317,
1403636738663555328,1.21756,-1.87885,0.03815,-0.06678,0.82142,0.06929,0.56214,
1403636738763555584,1.21446,-1.88281,0.03684,-0.05786,0.82093,0.05133,0.56576,
1403636738863555328,1.22634,-1.87867,0.02915,-0.04877,0.81884,0.02895,0.57121,
1403636738963555584,1.23809,-1.87387,0.01376,-0.03838,0.81785,0.00432,0.57413,
1403636739063555584,1.23492,-1.89437,-0.00298,-0.02751,0.81689,-0.02280,0.57568,
1403636739163555328,1.24609,-1.91070,-0.02797,-0.00687,0.81643,-0.04443,0.57569,
1403636739263555584,1.24848,-1.93508,-0.05404,0.01734,0.81501,-0.06440,0.57560,
1403636739363555328,1.26118,-1.95029,-0.08714,0.04398,0.81312,-0.08191,0.57463,
1403636739463555584,1.26758,-1.96651,-0.11050,0.06578,0.81106,-0.10032,0.57253,
1403636739563555584,1.27092,-1.99949,-0.13730,0.07888,0.80798,-0.12122,0.57118,
1403636739663555328,1.27935,-2.01239,-0.12593,0.08739,0.80617,-0.13663,0.56903,
1403636739763555584,1.28558,-2.03447,-0.14358,0.09070,0.80404,-0.14749,0.56880,
1403636739963555584,1.30062,-2.06949,-0.16767,0.09395,0.80276,-0.15534,0.56800,
1403636740263555584,1.30971,-2.14105,-0.24105,0.10600,0.80452,-0.14129,0.56704,
1403636740663555328,1.31289,-2.20751,-0.36911,0.08899,0.80216,-0.14115,0.57332,
1403636741063555584,1.30313,-2.27308,-0.47966,0.10436,0.80315,-0.12534,0.57301,
1403636741263555584,1.28624,-2.29538,-0.56277,0.10648,0.79766,-0.14132,0.57656,
1403636741363555328,1.27727,-2.30241,-0.61527,0.10139,0.79913,-0.15242,0.57260,
1403636741463555584,1.26459,-2.30944,-0.66422,0.09993,0.80291,-0.15979,0.56553,
1403636741563555584,1.25282,-2.31735,-0.70687,0.09619,0.80847,-0.16652,0.55623,
1403636741963555584,1.23137,-2.36155,-0.81281,0.11135,0.80720,-0.15239,0.55928,
1403636742163555328,1.23275,-2.38301,-0.88053,0.10749,0.81511,-0.14726,0.54988,
1403636742463555584,1.26187,-2.40522,-0.92624,0.09426,0.80923,-0.14671,0.56102,
1403636742763555584,1.30107,-2.43016,-0.94778,0.09286,0.80258,-0.14150,0.57203,
1403636743063555584,1.33133,-2.45861,-1.03391,0.09202,0.80438,-0.14707,0.56823,
1403636743163555328,1.33772,-2.46905,-1.07076,0.09151,0.81459,-0.15586,0.55116,
1403636743263555584,1.34735,-2.48163,-1.10346,0.09333,0.82324,-0.16094,0.53634,
1403636743563555584,1.41854,-2.53728,-1.15714,0.09570,0.81821,-0.16791,0.54146,
1403636743763555584,1.49210,-2.58812,-1.20502,0.10722,0.80790,-0.16234,0.55628,
1403636743963555584,1.56999,-2.64206,-1.27885,0.11518,0.79877,-0.17118,0.56515,
1403636744163555328,1.65087,-2.69509,-1.37542,0.12546,0.79365,-0.18116,0.56707,
1403636744363555328,1.72193,-2.73977,-1.49404,0.12492,0.78815,-0.19544,0.57011,
1403636744663555328,1.80922,-2.80302,-1.70701,0.11069,0.78205,-0.20627,0.57758,
1403636744863555328,1.84733,-2.85370,-1.85781,0.12383,0.78386,-0.19658,0.57583,
1403636744963555584,1.85784,-2.87878,-1.92374,0.12611,0.78865,-0.19359,0.56978,
1403636745063555584,1.86978,-2.90334,-1.98070,0.12420,0.79404,-0.19194,0.56323,
1403636745163555328,1.88189,-2.92714,-2.02879,0.11885,0.79834,-0.19125,0.55853,
1403636745463555584,1.92742,-2.99789,-2.12683,0.11963,0.79440,-0.17551,0.56904,
1403636745663555328,1.95661,-3.04041,-2.15409,0.12280,0.78990,-0.17903,0.57352,
1403636745863555328,1.98039,-3.07472,-2.15179,0.13534,0.78911,-0.18506,0.56985,
1403636745963555584,1.99052,-3.08797,-2.14520,0.14393,0.78842,-0.18764,0.56786,
1403636746163555328,2.01052,-3.09949,-2.11132,0.15775,0.78826,-0.19137,0.56315,
1403636746363555328,2.02830,-3.08732,-2.05697,0.16309,0.77512,-0.19295,0.57911,
1403636746563555584,2.03691,-3.04887,-2.03151,0.15154,0.78262,-0.19918,0.56997,
1403636746663555328,2.03863,-3.02439,-2.03216,0.13892,0.79564,-0.20405,0.55319,
1403636746763555584,2.04292,-2.99874,-2.03615,0.12370,0.80461,-0.21028,0.54137,
1403636746863555328,2.05205,-2.97738,-2.04203,0.11334,0.80547,-0.21364,0.54104,
1403636747063555584,2.07811,-2.94875,-2.04103,0.11550,0.80167,-0.20676,0.54885,
1403636747163555328,2.09426,-2.94110,-2.02597,0.12489,0.79783,-0.20002,0.55485,
1403636747363555328,2.13942,-2.92781,-1.97165,0.13842,0.79424,-0.19259,0.55940,
1403636747863555328,2.26261,-2.86293,-1.83952,0.14210,0.79326,-0.20500,0.55544,
1403636747963555584,2.29048,-2.84604,-1.80104,0.13131,0.78857,-0.21584,0.56064,
1403636748163555328,2.34547,-2.81940,-1.73105,0.11819,0.78465,-0.23039,0.56328,
1403636748363555328,2.39226,-2.80803,-1.68751,0.13815,0.78947,-0.21819,0.55681,
1403636748663555328,2.46436,-2.79981,-1.61729,0.14304,0.78773,-0.21436,0.55952,
1403636748863555328,2.51103,-2.79442,-1.56421,0.13147,0.78360,-0.22592,0.56361,
1403636749163555328,2.56651,-2.80427,-1.51347,0.12599,0.77759,-0.24035,0.56720,
1403636749363555328,2.58616,-2.82979,-1.47407,0.14449,0.77910,-0.23240,0.56402,
1403636749563555584,2.59588,-2.86076,-1.41222,0.16023,0.78238,-0.22164,0.55953,
1403636749763555584,2.60509,-2.88630,-1.35748,0.16263,0.78089,-0.21661,0.56289,
1403636749863555328,2.60955,-2.89565,-1.33943,0.16000,0.77582,-0.21580,0.57091,
1403636750063555584,2.61085,-2.89953,-1.32081,0.15514,0.77208,-0.21158,0.57884,
1403636750263555584,2.59438,-2.88694,-1.30444,0.14912,0.77845,-0.20895,0.57282,
1403636750463555584,2.56996,-2.86544,-1.25691,0.14318,0.78443,-0.20560,0.56736,
1403636750663555328,2.54025,-2.83707,-1.16937,0.14061,0.78692,-0.19892,0.56693,
1403636750963555584,2.49263,-2.78485,-0.99077,0.14094,0.79237,-0.19264,0.56141,
1403636751363555328,2.43626,-2.69339,-0.77798,0.13459,0.80027,-0.20190,0.54835,
1403636751563555584,2.42341,-2.65188,-0.68469,0.12198,0.79136,-0.21008,0.56101,
1403636751763555584,2.41154,-2.62188,-0.60410,0.10809,0.79617,-0.20695,0.55821,
1403636751963555584,2.40504,-2.61365,-0.53765,0.11150,0.80718,-0.19558,0.54569,
1403636752163555328,2.40303,-2.62105,-0.46684,0.11833,0.80546,-0.18586,0.55017,
1403636752263555584,2.40713,-2.62572,-0.43554,0.11641,0.80126,-0.17852,0.55907,
1403636752363555328,2.41442,-2.62916,-0.40025,0.11047,0.79748,-0.16751,0.56899,
1403636752463555584,2.42095,-2.63185,-0.36037,0.10058,0.79850,-0.15342,0.57337,
1403636752563555584,2.42364,-2.63404,-0.31790,0.08982,0.80229,-0.13585,0.57428,
1403636752663555328,2.42127,-2.63654,-0.27376,0.07805,0.80736,-0.11718,0.57302,
1403636752763555584,2.43610,-2.63552,-0.25131,0.06476,0.81052,-0.09861,0.57371,
1403636752863555328,2.43289,-2.64122,-0.23005,0.05363,0.81398,-0.07748,0.57320,
1403636752963555584,2.42022,-2.63708,-0.21368,0.04520,0.81541,-0.05330,0.57465,
1403636753063555584,2.44007,-2.64114,-0.21198,0.03513,0.81733,-0.02923,0.57435,
1403636753163555328,2.42827,-2.63552,-0.20430,0.02245,0.81830,-0.00573,0.57432,
1403636753263555584,2.43266,-2.62453,-0.21588,0.01030,0.81855,0.01858,0.57405,
1403636753363555328,2.42563,-2.62277,-0.21241,-0.00074,0.81687,0.04199,0.57529,
1403636753463555584,2.42828,-2.61171,-0.22801,-0.01615,0.81520,0.05396,0.57644,
1403636753563555584,2.42223,-2.59402,-0.22398,-0.02928,0.81439,0.05911,0.57656,
1403636753663555328,2.41514,-2.57576,-0.21834,-0.03670,0.81299,0.06145,0.57786,
1403636754163555328,2.37227,-2.45999,-0.20888,-0.03433,0.80614,0.05590,0.58808,
1403636754563555584,2.30579,-2.34219,-0.14584,-0.03124,0.80519,0.06384,0.58874,
1403636754663555328,2.27325,-2.30868,-0.13827,-0.03773,0.80553,0.07465,0.58662,
1403636754763555584,2.24083,-2.26943,-0.13048,-0.04851,0.80470,0.08721,0.58523,
1403636754863555328,2.20235,-2.23024,-0.13092,-0.05850,0.80353,0.09936,0.58399,
1403636754963555584,2.16359,-2.19128,-0.13572,-0.06579,0.80228,0.10885,0.58324,
1403636755063555584,2.12227,-2.14881,-0.13970,-0.07022,0.80144,0.11602,0.58249,
1403636755163555328,2.07661,-2.10643,-0.14309,-0.07428,0.80153,0.11999,0.58106,
1403636755363555328,1.97089,-2.02400,-0.13424,-0.07724,0.80935,0.12351,0.56898,
1403636755463555584,1.93253,-1.97632,-0.11502,-0.07605,0.81435,0.12413,0.56182,
1403636755763555584,1.80368,-1.82889,-0.08474,-0.07397,0.81222,0.12068,0.56592,
1403636755963555584,1.71902,-1.71588,-0.08679,-0.07656,0.80791,0.11702,0.57248,
1403636756163555328,1.63574,-1.60507,-0.07694,-0.07623,0.80536,0.11703,0.57610,
1403636756363555328,1.54184,-1.48706,-0.04663,-0.07756,0.80393,0.11730,0.57787,
1403636756563555584,1.45451,-1.37828,-0.04458,-0.07844,0.80301,0.11881,0.57871,
1403636756763555584,1.35923,-1.25934,-0.05481,-0.08057,0.80120,0.11959,0.58076,
1403636756963555584,1.24509,-1.15950,-0.02754,-0.08294,0.80113,0.12016,0.58041,
1403636757163555328,1.12530,-1.05463,-0.00229,-0.08496,0.80151,0.12008,0.57961,
1403636757363555328,1.00150,-0.95299,0.00304,-0.08298,0.80228,0.12242,0.57834,
1403636757563555584,0.86723,-0.85146,-0.01284,-0.07968,0.80726,0.13097,0.56994,
1403636757663555328,0.80402,-0.79723,0.00381,-0.08190,0.81318,0.13835,0.55937,
1403636757763555584,0.74010,-0.73748,0.01690,-0.08583,0.81857,0.14427,0.54933,
1403636757863555328,0.68391,-0.67455,0.04548,-0.09028,0.82136,0.14845,0.54330,
1403636757963555584,0.62853,-0.60281,0.07585,-0.09581,0.81960,0.15011,0.54456,
1403636758063555584,0.58877,-0.53547,0.11608,-0.10036,0.81093,0.15079,0.55640,
1403636758163555328,0.54295,-0.46273,0.14269,-0.10486,0.80409,0.14992,0.56566,
1403636758263555584,0.49189,-0.39096,0.16073,-0.10794,0.80011,0.14923,0.57088,
1403636758463555584,0.41401,-0.27497,0.17669,-0.11423,0.80942,0.14526,0.55739,
1403636758563555584,0.36776,-0.21174,0.16847,-0.12224,0.82247,0.13906,0.53783,
1403636758663555328,0.33161,-0.16074,0.16017,-0.12688,0.82845,0.13511,0.52850,
1403636758763555584,0.30412,-0.10724,0.15298,-0.12415,0.81994,0.13557,0.54214,
1403636758863555328,0.28968,-0.06215,0.14550,-0.12240,0.81024,0.13663,0.55665,
1403636758963555584,0.28060,-0.02298,0.13650,-0.11626,0.80405,0.14052,0.56590,
1403636759163555328,0.25452,0.05519,0.10539,-0.13278,0.80153,0.12951,0.56845,
1403636759263555584,0.25081,0.08442,0.08020,-0.14944,0.80226,0.11845,0.56571,
1403636759463555584,0.22518,0.11362,0.03876,-0.13301,0.79970,0.13177,0.57046,
1403636759563555584,0.21800,0.11715,0.00900,-0.12246,0.79815,0.14039,0.57294,
1403636759663555328,0.20539,0.11777,-0.01318,-0.11497,0.79715,0.14699,0.57421,
1403636759863555328,0.18015,0.11985,-0.03300,-0.11343,0.79662,0.14947,0.57462,
1403636759963555584,0.16256,0.11842,-0.03715,-0.11173,0.80274,0.15077,0.56604,
1403636760063555584,0.14676,0.11795,-0.04659,-0.11245,0.80794,0.14980,0.55869,
1403636760163555328,0.13074,0.11702,-0.05651,-0.11040,0.81248,0.15079,0.55222,
1403636760363555328,0.11023,0.11597,-0.07840,-0.11437,0.79970,0.14770,0.57059,
1403636760563555584,0.08693,0.11009,-0.10981,-0.10945,0.80015,0.15195,0.56982,
1403636760663555328,0.07307,0.10814,-0.12701,-0.10571,0.80531,0.15520,0.56233,
1403636760763555584,0.05892,0.10641,-0.14149,-0.10250,0.80667,0.15837,0.56009,
1403636760963555584,0.03323,0.11145,-0.16653,-0.10104,0.80090,0.16119,0.56777,
1403636761063555584,0.01734,0.11773,-0.18106,-0.10375,0.80601,0.15983,0.56039,
1403636761163555328,0.00288,0.12646,-0.19651,-0.10532,0.81420,0.15933,0.54827,
1403636761263555584,-0.00857,0.13754,-0.20964,-0.10454,0.82049,0.16037,0.53865,
1403636761363555328,-0.01376,0.15173,-0.21772,-0.10476,0.81961,0.16053,0.53991,
1403636761463555584,-0.01450,0.16857,-0.21972,-0.10602,0.81134,0.15958,0.55228,
1403636761563555584,-0.01086,0.18769,-0.21937,-0.10831,0.80392,0.15748,0.56319,
1403636761663555328,-0.00813,0.20702,-0.21738,-0.11301,0.80051,0.15318,0.56829,
1403636761763555584,-0.00598,0.22312,-0.21548,-0.12358,0.80050,0.14498,0.56825,
1403636761863555328,-0.01422,0.23709,-0.20568,-0.12999,0.80112,0.13979,0.56725,
1403636762063555584,0.00284,0.25694,-0.19454,-0.10981,0.79928,0.15271,0.57076,
1403636762163555328,-0.00258,0.25939,-0.18321,-0.09177,0.79773,0.16489,0.57273,
1403636762263555584,-0.00321,0.26995,-0.17621,-0.08786,0.80484,0.16661,0.56281,
1403636762363555328,-0.00678,0.28386,-0.17591,-0.09086,0.81402,0.16366,0.54985,
1403636762463555584,-0.00759,0.30306,-0.18425,-0.10080,0.81809,0.15626,0.54419,
1403636762563555584,-0.00440,0.32494,-0.19945,-0.12563,0.81490,0.13855,0.54859,
1403636762663555328,0.00211,0.34458,-0.22222,-0.14435,0.80924,0.12507,0.55556,
1403636762763555584,0.01252,0.35657,-0.25284,-0.13687,0.80434,0.13090,0.56317,
1403636762863555328,0.01941,0.35814,-0.27199,-0.13966,0.78456,0.12993,0.58998,
1403636762963555584,0.00894,0.34270,-0.27452,-0.11776,0.79496,0.13801,0.57889,
1403636763063555584,-0.00093,0.32305,-0.28169,-0.11405,0.80472,0.11237,0.57166,
1403636763163555328,-0.00621,0.31388,-0.27827,-0.11213,0.79205,0.09434,0.59260,
1403636763263555584,-0.00257,0.31404,-0.28419,-0.11277,0.80256,0.09064,0.57876,
